Workbook

Sheet Instrucciones de uso
A1: INSTRUCCIONES DE USO Y DILIGENCIAMIENTO · HERRAMIENTA CF2
A2: Programa 22230071_v1 · Componente formativo 2 · Evaluación de alternativas de almacenamiento y reúso de agua lluvia. Esta guía está dirigida al aprendiz y debe leerse antes de modificar la hoja 4 y las curvas SRY.
A5: 1. PROPÓSITO FORMATIVO
A6: Transformar una serie mensual de precipitación previamente validada en una evaluación reproducible de captación, almacenamiento, suministro, déficit, rebose y desempeño del sistema. Al finalizar, el aprendiz debe comparar alternativas de tanque y demanda, interpretar fiabilidad, resiliencia y vulnerabilidad, y justificar técnicamente una configuración sin asumir que la mayor capacidad siempre es la mejor.
A9: 2. REQUISITOS DE ENTRADA
A10: 1 | B10: Utilice una serie mensual validada en CF1 y verifique que la unidad sea milímetros (mm). | G10: 4 | H10: Establezca el umbral de servicio y el objetivo de fiabilidad que utilizará para aceptar o rechazar una alternativa.
A11: 2 | B11: Defina área de captación (m²), coeficiente de escorrentía, eficiencia, pérdidas, almacenamiento inicial y capacidad del tanque (m³). | G11: 5 | H11: Prepare capacidades candidatas y factores de demanda para construir y comparar las curvas SRY.
A12: 3 | B12: Defina las demandas mensuales de sanitarios, riego y limpieza o justifique otra configuración de uso. | G12: 6 | H12: Si utiliza valores IPE, calcúlelos con una metodología válida y conserve la fuente. El libro solo los clasifica e interpreta.
A14: 3. CÓDIGO DE COLORES
A15: ENTRADA | D15: FÓRMULA | G15: ALERTA | J15: EJEMPLO
A16: Diligencie o reemplace datos | D16: Resultado automático; no sobrescribir | G16: Revise antes de avanzar | J16: Dato demostrativo; sustituir
A18: 4. RUTA DE DILIGENCIAMIENTO
A19: Paso | B19: Pestaña / bloque | D19: Acción del aprendiz | G19: Dónde diligenciar | J19: Control antes de continuar
A20: 1 | B20: Hoja 4 · Parámetros | D20: Reemplace los parámetros del caso didáctico y seleccione la configuración de uso. | G20: Celdas azules del bloque PARÁMETROS DE DISEÑO Y OPERACIÓN, especialmente B8:B18. | J20: Unidades coherentes: área en m², capacidades y demandas en m³, coeficientes y eficiencias entre 0 y 1.
A21: 2 | B21: Hoja 4 · Precipitación | D21: Transfiera desde CF1 únicamente la serie mensual validada y conserve la correspondencia fecha–mes–valor. | G21: Columna azul Precipitación (mm). Mantenga la estructura temporal del balance. | J21: No hay meses duplicados, desordenados o vacíos sin justificar; la serie corresponde al mismo sitio y periodo del análisis.
A22: 3 | B22: Hoja 4 · Demanda | D22: Diligencie o ajuste las demandas mensuales de sanitarios, riego y limpieza según el caso. | G22: Columnas azules de demanda y controles de configuración. | J22: La demanda es mensual, está en m³ y corresponde a la configuración seleccionada.
A23: 4 | B23: Hoja 4 · IPE | D23: Ingrese IPE-1 e IPE-3 solo cuando hayan sido calculados con una metodología técnicamente sustentada. | G23: Celdas azules K8, K9, O8 y O9. Las clasificaciones son automáticas. | J23: La escala y el periodo temporal están documentados. No se presenta la clasificación como cálculo del índice.
A24: 5 | B24: Hoja 4 · Balance | D24: Revise captación, almacenamiento, pérdidas, suministro, déficit y rebose mes a mes. | G24: Columnas verdes E:H y L:V son fórmulas; no las sobrescriba. | J24: Se cumple el balance: entrada y almacenamiento respetan la capacidad, el suministro no excede la demanda y no existen volúmenes negativos.
A25: 6 | B25: Hoja 4 · Indicadores | D25: Interprete fiabilidad, periodos de falla, resiliencia, vulnerabilidad, déficit máximo, duración media y rebose. | G25: Bloque RESULTADOS DEL SISTEMA SELECCIONADO y resumen anual. | J25: La conclusión CUMPLE/NO CUMPLE se contrasta con el objetivo y se explican las causas del desempeño.
A26: 7 | B26: Curvas SRY | D26: Modifique capacidades candidatas, configuración, factores de demanda, capacidad seleccionada y objetivo de fiabilidad. | G26: Celdas azules B8:B14 y E8:E12. E13 indica la ventana didáctica de 120 periodos y no debe modificarse. | J26: Compare curvas de suministro–rendimiento–almacenamiento y seleccione una alternativa viable, no solo la de mayor tamaño.
A27: 8 | B27: Soporte SRY | D27: Utilice esta pestaña para auditar cómo se construyen las curvas y verificar la trazabilidad de los resultados. | G27: Consulta únicamente. No modifique fórmulas ni valores de soporte. | J27: La alternativa elegida coincide con los datos de la hoja 4 y con la curva correspondiente a la demanda evaluada.
A29: 5. CÓMO INTERPRETAR LOS INDICADORES
A30: 1 | B30: Fiabilidad: proporción de periodos en los que el sistema satisface el criterio de servicio definido. | G30: 4 | H30: Déficit máximo y duración media: describen la severidad y persistencia de las fallas.
A31: 2 | B31: Resiliencia: capacidad de recuperación después de una falla; valores mayores indican recuperación más frecuente. | G31: 5 | H31: Rebose: agua captada que no puede almacenarse; puede indicar oportunidad de uso adicional o capacidad insuficiente.
A32: 3 | B32: Vulnerabilidad: magnitud del déficit durante las fallas; debe interpretarse con la unidad y la demanda del caso. | G32: 6 | H32: Curva SRY: relaciona almacenamiento, rendimiento o demanda y nivel de servicio para comparar alternativas.
A34: 6. CONFIGURACIONES DE DEMANDA DE LA HERRAMIENTA
A35: Uso único sanitarios: considera únicamente la demanda sanitaria. Úsela cuando el objetivo sea abastecer ese servicio de forma independiente. | G35: Uso múltiple variable: suma sanitarios, riego y limpieza según el patrón mensual ingresado. Úsela cuando la estacionalidad de la demanda sea relevante.
A38: Uso múltiple medio: representa una demanda conjunta constante basada en un promedio. Explique por qué esta simplificación es pertinente para el caso. | G38: Uso prioritario sanitarios + limpieza: representa usos esenciales antes que riego. Verifique y documente el criterio de prioridad aplicado.
A42: 7. REGLAS CRÍTICAS Y ERRORES FRECUENTES
A43: 1 | B43: No pegue fechas, encabezados ni unidades dentro de la columna numérica de precipitación. | G43: 4 | H43: La ventana SRY de 120 meses es didáctica; para un estudio técnico amplíe el análisis a toda la serie validada.
A44: 2 | B44: No sobrescriba celdas verdes ni la pestaña Soporte SRY; contienen cálculos enlazados. | G44: 5 | H44: Una capacidad mayor no es automáticamente óptima: compare mejora del servicio, rebose, costo y restricciones del sitio.
A45: 3 | B45: No compare alternativas con series, demandas u objetivos distintos sin declarar el cambio. | G45: 6 | H45: Los valores IPE deben provenir de un cálculo externo válido; esta herramienta no reemplaza ese procedimiento.
A47: 8. PRODUCTO ESPERADO DEL APRENDIZ
A48: Entregue el libro con parámetros y demandas justificadas, serie de CF1 transferida y verificada, balance mensual calculado, lectura de indicadores, curvas SRY comparadas y una conclusión técnica sobre la alternativa seleccionada. La conclusión debe indicar configuración, capacidad, demanda, fiabilidad alcanzada, fallas, rebose, limitaciones y recomendaciones. Nombre sugerido: CF2_Apellidos_Nombre_Ficha_Fecha.xlsx.
A52: 9. LISTA DE VERIFICACIÓN ANTES DE ENTREGAR
A53: ☐ | B53: La precipitación proviene de CF1, está en mm y conserva una secuencia mensual coherente.
A54: ☐ | B54: Área, coeficiente, eficiencia, pérdidas, capacidad, almacenamiento inicial y demandas tienen unidades correctas.
A55: ☐ | B55: No sobrescribí fórmulas y comprobé que el balance no produzca volúmenes negativos ni suministros superiores a la demanda.
A56: ☐ | B56: Interpreté fiabilidad, fallas, resiliencia, vulnerabilidad, déficit y rebose respecto del objetivo definido.
A57: ☐ | B57: Comparé capacidades y configuraciones en las curvas SRY con el mismo conjunto de supuestos.
A58: ☐ | B58: Justifiqué la alternativa seleccionada y documenté limitaciones, incertidumbres y recomendaciones.
A60: IMPORTANTE: la herramienta apoya el aprendizaje y la comparación técnica; no reemplaza estudios de detalle, verificación normativa, análisis de calidad del agua, costos, condiciones constructivas ni validación por un profesional competente.

Sheet Hoja 4 - Cálculo
A1: HERRAMIENTA CF2 · HOJA 4 · ALMACENAMIENTO, RENDIMIENTO Y FIABILIDAD
A2: Programa 22230071_v1 · RA2 · Integre una serie mensual validada de CF1, estime la entrada captada, ejecute el balance del tanque y evalúe fiabilidad, resiliencia, vulnerabilidad y rebose. Datos precargados: ejemplo didáctico.
A4: LEYENDA | B4: Entrada | C4: Fórmula | D4: Alerta | E4: Ejemplo | F4: Unidades en encabezado
A6: PARÁMETROS DE DISEÑO Y OPERACIÓN | J6: INTERPRETACIÓN DEL IPE · INGRESO DE RESULTADOS | S6: RESULTADOS DEL SISTEMA SELECCIONADO
A7: Parámetro | B7: Valor | D7: Reglas de configuración: uso único = sanitarios; uso múltiple = demanda media conjunta constante; uso prioritario = sanitarios + limpieza como servicio esencial; uso variable = suma mensual de sanitarios, riego y limpieza. Estas reglas son editables mediante las demandas de la matriz. | J7: Escala | K7: Valor IPE | L7: Clasificación | M7: Lectura temporal | N7: Escala | O7: Valor IPE | P7: Clasificación | Q7: Lectura temporal | S7: Indicador | T7: Resultado | U7: Unidad | V7: Indicador | W7: Resultado | X7: Unidad | Y7: Indicador | Z7: Resultado | AA7: Unidad | AB7: Indicador | AC7: Resultado | AD7: Unidad | AE7: Indicador | AF7: Resultado | AG7: Unidad | AH7: Indicador | AI7: Resultado | AJ7: Unidad | AK7: Estado
A8: Serie utilizada | B8: Ejemplo CF1 · 1981-2010 | J8: IPE-1 | K8: -1.4 | L8: =IF(K8="","Sin dato",IF(K8>=2,"Extremadamente húmedo",IF(K8>=1.5,"Severamente húmedo",IF(K8>=1,"Moderadamente húmedo",IF(K8>-1,"Cercano a normal",IF(K8>-1.5,"Moderadamente seco",IF(K8>-2,"Severamente seco","Extremadamente seco"))))))) -> Moderadamente seco | M8: Condición reciente | N8: IPE-6 | O8: -1.6 | P8: =IF(O8="","Sin dato",IF(O8>=2,"Extremadamente húmedo",IF(O8>=1.5,"Severamente húmedo",IF(O8>=1,"Moderadamente húmedo",IF(O8>-1,"Cercano a normal",IF(O8>-1.5,"Moderadamente seco",IF(O8>-2,"Severamente seco","Extremadamente seco"))))))) -> Severamente seco | Q8: Corto a mediano plazo | S8: Entrada captada | T8: =SUM(H25:H384) -> 7285.3245 | U8: m³ | V8: Demanda | W8: =SUM(L25:L384) -> 4950 | X8: m³ | Y8: Suministro | Z8: =SUM(P25:P384) -> 4844.889 | AA8: m³ | AB8: Fiabilidad | AC8: =COUNTIF(T25:T384,"Satisfactorio")/$B$18 -> 0.85 | AD8: % | AE8: Periodos de falla | AF8: =COUNTIF(T25:T384,"Falla") -> 54 | AG8: periodos | AH8: Resiliencia | AI8: =IF(AF8=0,1,SUM(U25:U384)/AF8) -> 0.68518519 | AJ8: probabilidad | AK8: =IF(AC8>=$B$17,"CUMPLE","NO CUMPLE") -> NO CUMPLE
A9: Configuración de uso | B9: Uso variable | J9: IPE-3 | K9: -0.8 | L9: =IF(K9="","Sin dato",IF(K9>=2,"Extremadamente húmedo",IF(K9>=1.5,"Severamente húmedo",IF(K9>=1,"Moderadamente húmedo",IF(K9>-1,"Cercano a normal",IF(K9>-1.5,"Moderadamente seco",IF(K9>-2,"Severamente seco","Extremadamente seco"))))))) -> Cercano a normal | M9: Condición estacional | N9: IPE-12 | O9: -2.1 | P9: =IF(O9="","Sin dato",IF(O9>=2,"Extremadamente húmedo",IF(O9>=1.5,"Severamente húmedo",IF(O9>=1,"Moderadamente húmedo",IF(O9>-1,"Cercano a normal",IF(O9>-1.5,"Moderadamente seco",IF(O9>-2,"Severamente seco","Extremadamente seco"))))))) -> Extremadamente seco | Q9: Condición acumulada | S9: Déficit total | T9: =SUM(S25:S384) -> 105.11103 | U9: m³ | V9: Vulnerabilidad media | W9: =IF(AI9=0,0,T9/AI9) -> 2.8408386 | X9: m³/evento | Y9: Déficit máximo | Z9: =MAX(S25:S384) -> 4.0610275 | AA9: m³/periodo | AB9: Duración media | AC9: =IF(AI9=0,0,AF8/AI9) -> 1.4594595 | AD9: periodos | AE9: Rebose | AF9: =SUM(R25:R384) -> 2264.807 | AG9: m³ | AH9: Eventos de falla | AI9: =SUM(V25:V384) -> 37 | AJ9: eventos
A10: Capacidad del tanque (m³) | B10: 5 | J10: Interpretación integrada | K10: ="La escala corta presenta "&LOWER(L8)&"; la escala larga presenta "&LOWER(P9)&". Evalúe la persistencia antes de dimensionar el almacenamiento." -> La escala corta presenta moderadamente seco; la escala larga presenta extremadamente seco. Evalúe la persistencia antes de dimensionar el almacenamiento. | S10: Almacenamiento medio | T10: =AVERAGE(Q25:Q384) -> 3.4752795 | U10: m³ | V10: Utilización del tanque | W10: =IF($B$10=0,0,T10/$B$10) -> 0.69505589 | X10: % | Y10: Fiabilidad objetivo | Z10: =$B$17 -> 0.9 | AA10: % | AB10: Capacidad | AC10: =$B$10 -> 5 | AD10: m³ | AE10: Configuración | AF10: =$B$9 -> Uso variable | AG10: tipo | AH10: Conclusión | AI10: =IF(AC8>=$B$17,"Alternativa técnicamente viable según la meta definida","Ajustar capacidad, demanda o regla de operación") -> Ajustar capacidad, demanda o regla de operación
A11: Almacenamiento inicial (m³) | B11: 0 | J11: Nota | K11: La hoja interpreta valores IPE ya calculados mediante metodología válida; no sustituye el ajuste gamma ni la transformación normal descritos por la OMM.
A12: Área de captación (m²) | B12: 250 | J12: Uso | K12: Utilice IPE-1/3 para condiciones recientes y IPE-6/12 para persistencia con posible incidencia en el almacenamiento.
A13: Coeficiente de escorrentía | B13: 0.85
A14: Eficiencia de captación | B14: 0.9 | D14: Volumen captado: Q = P(mm) × A(m²) × C × E / 1000. Balance: almacenamiento inicial + entrada − pérdidas − suministro − rebose = almacenamiento final, sujeto a 0 ≤ S ≤ Smax.
A15: Pérdidas del periodo | B15: 0.02
A16: Umbral de servicio | B16: 1
A17: Fiabilidad objetivo | B17: 0.9
A18: Número de periodos | B18: 360
A21: BALANCE MENSUAL DEL TANQUE · DATOS DE ENTRADA Y RESULTADOS | X21: RESUMEN ANUAL DEL BALANCE
A24: Fecha | B24: Año | C24: Mes | D24: Precipitación (mm) | E24: Área (m²) | F24: Coef. C | G24: Eficiencia | H24: Entrada Q (m³) | I24: Dem. sanitarios | J24: Dem. riego | K24: Dem. limpieza | L24: Demanda aplicable | M24: Almac. inicial | N24: Pérdidas | O24: Disponible neto | P24: Suministro Y | Q24: Almac. final | R24: Rebose | S24: Déficit | T24: Estado | U24: Recuperación F→S | V24: Inicio evento | X24: Año | Y24: Entrada (m³) | Z24: Demanda (m³) | AA24: Suministro (m³) | AB24: Fiabilidad
A25: 29587 | B25: 1981 | C25: Enero | D25: 67.2 | E25: ='Hoja 4 - Cálculo'!$B$12 -> 250 | F25: ='Hoja 4 - Cálculo'!$B$13 -> 0.85 | G25: ='Hoja 4 - Cálculo'!$B$14 -> 0.9 | H25: =D25*E25*F25*G25/1000 -> 12.852 | I25: 8 | J25: 6 | K25: 2 | L25: =IF($B$9="Uso único",I25,IF($B$9="Uso múltiple",AVERAGE($I$25:$I$384)+AVERAGE($J$25:$J$384)+AVERAGE($K$25:$K$384),IF($B$9="Uso prioritario",I25+K25,I25+J25+K25))) -> 16 | M25: =$B$11 -> 0 | N25: =MIN(M25+H25,(M25+H25)*$B$15) -> 0.25704 | O25: =MAX(0,M25+H25-N25) -> 12.59496 | P25: =MIN(L25,O25) -> 12.59496 | Q25: =MIN($B$10,MAX(0,O25-P25)) -> 0 | R25: =MAX(0,O25-P25-$B$10) -> 0 | S25: =MAX(0,L25-P25) -> 3.40504 | T25: =IF(P25>=L25*$B$16,"Satisfactorio","Falla") -> Falla | U25: =0 -> 0 | V25: =IF(T25="Falla",1,0) -> 1 | X25: 1981 | Y25: =SUMIF($B$25:$B$384,X25,$H$25:$H$384) -> 238.79475 | Z25: =SUMIF($B$25:$B$384,X25,$L$25:$L$384) -> 165 | AA25: =SUMIF($B$25:$B$384,X25,$P$25:$P$384) -> 158.7813 | AB25: =COUNTIFS($B$25:$B$384,X25,$T$25:$T$384,"Satisfactorio")/COUNTIF($B$25:$B$384,X25) -> 0.75
A26: 29618 | B26: 1981 | C26: Febrero | D26: 76.5 | E26: ='Hoja 4 - Cálculo'!$B$12 -> 250 | F26: ='Hoja 4 - Cálculo'!$B$13 -> 0.85 | G26: ='Hoja 4 - Cálculo'!$B$14 -> 0.9 | H26: =D26*E26*F26*G26/1000 -> 14.630625 | I26: 8 | J26: 6 | K26: 2 | L26: =IF($B$9="Uso único",I26,IF($B$9="Uso múltiple",AVERAGE($I$25:$I$384)+AVERAGE($J$25:$J$384)+AVERAGE($K$25:$K$384),IF($B$9="Uso prioritario",I26+K26,I26+J26+K26))) -> 16 | M26: =Q25 -> 0 | N26: =MIN(M26+H26,(M26+H26)*$B$15) -> 0.2926125 | O26: =MAX(0,M26+H26-N26) -> 14.338012 | P26: =MIN(L26,O26) -> 14.338012 | Q26: =MIN($B$10,MAX(0,O26-P26)) -> 0 | R26: =MAX(0,O26-P26-$B$10) -> 0 | S26: =MAX(0,L26-P26) -> 1.6619875 | T26: =IF(P26>=L26*$B$16,"Satisfactorio","Falla") -> Falla | U26: =IF(AND(T25="Falla",T26="Satisfactorio"),1,0) -> 0 | V26: =IF(AND(T26="Falla",T25<>"Falla"),1,0) -> 0 | X26: 1982 | Y26: =SUMIF($B$25:$B$384,X26,$H$25:$H$384) -> 265.89488 | Z26: =SUMIF($B$25:$B$384,X26,$L$25:$L$384) -> 165 | AA26: =SUMIF($B$25:$B$384,X26,$P$25:$P$384) -> 165 | AB26: =COUNTIFS($B$25:$B$384,X26,$T$25:$T$384,"Satisfactorio")/COUNTIF($B$25:$B$384,X26) -> 1
A27: 29646 | B27: 1981 | C27: Marzo | D27: 110.4 | E27: ='Hoja 4 - Cálculo'!$B$12 -> 250 | F27: ='Hoja 4 - Cálculo'!$B$13 -> 0.85 | G27: ='Hoja 4 - Cálculo'!$B$14 -> 0.9 | H27: =D27*E27*F27*G27/1000 -> 21.114 | I27: 8 | J27: 6 | K27: 2 | L27: =IF($B$9="Uso único",I27,IF($B$9="Uso múltiple",AVERAGE($I$25:$I$384)+AVERAGE($J$25:$J$384)+AVERAGE($K$25:$K$384),IF($B$9="Uso prioritario",I27+K27,I27+J27+K27))) -> 16 | M27: =Q26 -> 0 | N27: =MIN(M27+H27,(M27+H27)*$B$15) -> 0.42228 | O27: =MAX(0,M27+H27-N27) -> 20.69172 | P27: =MIN(L27,O27) -> 16 | Q27: =MIN($B$10,MAX(0,O27-P27)) -> 4.69172 | R27: =MAX(0,O27-P27-$B$10) -> 0 | S27: =MAX(0,L27-P27) -> 0 | T27: =IF(P27>=L27*$B$16,"Satisfactorio","Falla") -> Satisfactorio | U27: =IF(AND(T26="Falla",T27="Satisfactorio"),1,0) -> 1 | V27: =IF(AND(T27="Falla",T26<>"Falla"),1,0) -> 0 | X27: 1983 | Y27: =SUMIF($B$25:$B$384,X27,$H$25:$H$384) -> 258.111 | Z27: =SUMIF($B$25:$B$384,X27,$L$25:$L$384) -> 165 | AA27: =SUMIF($B$25:$B$384,X27,$P$25:$P$384) -> 164.43622 | AB27: =COUNTIFS($B$25:$B$384,X27,$T$25:$T$384,"Satisfactorio")/COUNTIF($B$25:$B$384,X27) -> 0.91666667
A28: 29677 | B28: 1981 | C28: Abril | D28: 153.1 | E28: ='Hoja 4 - Cálculo'!$B$12 -> 250 | F28: ='Hoja 4 - Cálculo'!$B$13 -> 0.85 | G28: ='Hoja 4 - Cálculo'!$B$14 -> 0.9 | H28: =D28*E28*F28*G28/1000 -> 29.280375 | I28: 8 | J28: 1.5 | K28: 2 | L28: =IF($B$9="Uso único",I28,IF($B$9="Uso múltiple",AVERAGE($I$25:$I$384)+AVERAGE($J$25:$J$384)+AVERAGE($K$25:$K$384),IF($B$9="Uso prioritario",I28+K28,I28+J28+K28))) -> 11.5 | M28: =Q27 -> 4.69172 | N28: =MIN(M28+H28,(M28+H28)*$B$15) -> 0.6794419 | O28: =MAX(0,M28+H28-N28) -> 33.292653 | P28: =MIN(L28,O28) -> 11.5 | Q28: =MIN($B$10,MAX(0,O28-P28)) -> 5 | R28: =MAX(0,O28-P28-$B$10) -> 16.792653 | S28: =MAX(0,L28-P28) -> 0 | T28: =IF(P28>=L28*$B$16,"Satisfactorio","Falla") -> Satisfactorio | U28: =IF(AND(T27="Falla",T28="Satisfactorio"),1,0) -> 0 | V28: =IF(AND(T28="Falla",T27<>"Falla"),1,0) -> 0 | X28: 1984 | Y28: =SUMIF($B$25:$B$384,X28,$H$25:$H$384) -> 223.533 | Z28: =SUMIF($B$25:$B$384,X28,$L$25:$L$384) -> 165 | AA28: =SUMIF($B$25:$B$384,X28,$P$25:$P$384) -> 159.73619 | AB28: =COUNTIFS($B$25:$B$384,X28,$T$25:$T$384,"Satisfactorio")/COUNTIF($B$25:$B$384,X28) -> 0.75
A29: 29707 | B29: 1981 | C29: Mayo | D29: 136.2 | E29: ='Hoja 4 - Cálculo'!$B$12 -> 250 | F29: ='Hoja 4 - Cálculo'!$B$13 -> 0.85 | G29: ='Hoja 4 - Cálculo'!$B$14 -> 0.9 | H29: =D29*E29*F29*G29/1000 -> 26.04825 | I29: 8 | J29: 1.5 | K29: 2 | L29: =IF($B$9="Uso único",I29,IF($B$9="Uso múltiple",AVERAGE($I$25:$I$384)+AVERAGE($J$25:$J$384)+AVERAGE($K$25:$K$384),IF($B$9="Uso prioritario",I29+K29,I29+J29+K29))) -> 11.5 | M29: =Q28 -> 5 | N29: =MIN(M29+H29,(M29+H29)*$B$15) -> 0.620965 | O29: =MAX(0,M29+H29-N29) -> 30.427285 | P29: =MIN(L29,O29) -> 11.5 | Q29: =MIN($B$10,MAX(0,O29-P29)) -> 5 | R29: =MAX(0,O29-P29-$B$10) -> 13.927285 | S29: =MAX(0,L29-P29) -> 0 | T29: =IF(P29>=L29*$B$16,"Satisfactorio","Falla") -> Satisfactorio | U29: =IF(AND(T28="Falla",T29="Satisfactorio"),1,0) -> 0 | V29: =IF(AND(T29="Falla",T28<>"Falla"),1,0) -> 0 | X29: 1985 | Y29: =SUMIF($B$25:$B$384,X29,$H$25:$H$384) -> 219.22987 | Z29: =SUMIF($B$25:$B$384,X29,$L$25:$L$384) -> 165 | AA29: =SUMIF($B$25:$B$384,X29,$P$25:$P$384) -> 156.78125 | AB29: =COUNTIFS($B$25:$B$384,X29,$T$25:$T$384,"Satisfactorio")/COUNTIF($B$25:$B$384,X29) -> 0.75
A30: 29738 | B30: 1981 | C30: Junio | D30: 81.7 | E30: ='Hoja 4 - Cálculo'!$B$12 -> 250 | F30: ='Hoja 4 - Cálculo'!$B$13 -> 0.85 | G30: ='Hoja 4 - Cálculo'!$B$14 -> 0.9 | H30: =D30*E30*F30*G30/1000 -> 15.625125 | I30: 8 | J30: 1.5 | K30: 2 | L30: =IF($B$9="Uso único",I30,IF($B$9="Uso múltiple",AVERAGE($I$25:$I$384)+AVERAGE($J$25:$J$384)+AVERAGE($K$25:$K$384),IF($B$9="Uso prioritario",I30+K30,I30+J30+K30))) -> 11.5 | M30: =Q29 -> 5 | N30: =MIN(M30+H30,(M30+H30)*$B$15) -> 0.4125025 | O30: =MAX(0,M30+H30-N30) -> 20.212623 | P30: =MIN(L30,O30) -> 11.5 | Q30: =MIN($B$10,MAX(0,O30-P30)) -> 5 | R30: =MAX(0,O30-P30-$B$10) -> 3.7126225 | S30: =MAX(0,L30-P30) -> 0 | T30: =IF(P30>=L30*$B$16,"Satisfactorio","Falla") -> Satisfactorio | U30: =IF(AND(T29="Falla",T30="Satisfactorio"),1,0) -> 0 | V30: =IF(AND(T30="Falla",T29<>"Falla"),1,0) -> 0 | X30: 1986 | Y30: =SUMIF($B$25:$B$384,X30,$H$25:$H$384) -> 249.96375 | Z30: =SUMIF($B$25:$B$384,X30,$L$25:$L$384) -> 165 | AA30: =SUMIF($B$25:$B$384,X30,$P$25:$P$384) -> 163.17145 | AB30: =COUNTIFS($B$25:$B$384,X30,$T$25:$T$384,"Satisfactorio")/COUNTIF($B$25:$B$384,X30) -> 0.83333333
A31: 29768 | B31: 1981 | C31: Julio | D31: 66.9 | E31: ='Hoja 4 - Cálculo'!$B$12 -> 250 | F31: ='Hoja 4 - Cálculo'!$B$13 -> 0.85 | G31: ='Hoja 4 - Cálculo'!$B$14 -> 0.9 | H31: =D31*E31*F31*G31/1000 -> 12.794625 | I31: 8 | J31: 6 | K31: 2 | L31: =IF($B$9="Uso único",I31,IF($B$9="Uso múltiple",AVERAGE($I$25:$I$384)+AVERAGE($J$25:$J$384)+AVERAGE($K$25:$K$384),IF($B$9="Uso prioritario",I31+K31,I31+J31+K31))) -> 16 | M31: =Q30 -> 5 | N31: =MIN(M31+H31,(M31+H31)*$B$15) -> 0.3558925 | O31: =MAX(0,M31+H31-N31) -> 17.438733 | P31: =MIN(L31,O31) -> 16 | Q31: =MIN($B$10,MAX(0,O31-P31)) -> 1.4387325 | R31: =MAX(0,O31-P31-$B$10) -> 0 | S31: =MAX(0,L31-P31) -> 0 | T31: =IF(P31>=L31*$B$16,"Satisfactorio","Falla") -> Satisfactorio | U31: =IF(AND(T30="Falla",T31="Satisfactorio"),1,0) -> 0 | V31: =IF(AND(T31="Falla",T30<>"Falla"),1,0) -> 0 | X31: 1987 | Y31: =SUMIF($B$25:$B$384,X31,$H$25:$H$384) -> 269.68162 | Z31: =SUMIF($B$25:$B$384,X31,$L$25:$L$384) -> 165 | AA31: =SUMIF($B$25:$B$384,X31,$P$25:$P$384) -> 165 | AB31: =COUNTIFS($B$25:$B$384,X31,$T$25:$T$384,"Satisfactorio")/COUNTIF($B$25:$B$384,X31) -> 1
A32: 29799 | B32: 1981 | C32: Agosto | D32: 71.7 | E32: ='Hoja 4 - Cálculo'!$B$12 -> 250 | F32: ='Hoja 4 - Cálculo'!$B$13 -> 0.85 | G32: ='Hoja 4 - Cálculo'!$B$14 -> 0.9 | H32: =D32*E32*F32*G32/1000 -> 13.712625 | I32: 8 | J32: 6 | K32: 2 | L32: =IF($B$9="Uso único",I32,IF($B$9="Uso múltiple",AVERAGE($I$25:$I$384)+AVERAGE($J$25:$J$384)+AVERAGE($K$25:$K$384),IF($B$9="Uso prioritario",I32+K32,I32+J32+K32))) -> 16 | M32: =Q31 -> 1.4387325 | N32: =MIN(M32+H32,(M32+H32)*$B$15) -> 0.30302715 | O32: =MAX(0,M32+H32-N32) -> 14.84833 | P32: =MIN(L32,O32) -> 14.84833 | Q32: =MIN($B$10,MAX(0,O32-P32)) -> 0 | R32: =MAX(0,O32-P32-$B$10) -> 0 | S32: =MAX(0,L32-P32) -> 1.1516697 | T32: =IF(P32>=L32*$B$16,"Satisfactorio","Falla") -> Falla | U32: =IF(AND(T31="Falla",T32="Satisfactorio"),1,0) -> 0 | V32: =IF(AND(T32="Falla",T31<>"Falla"),1,0) -> 1 | X32: 1988 | Y32: =SUMIF($B$25:$B$384,X32,$H$25:$H$384) -> 250.0785 | Z32: =SUMIF($B$25:$B$384,X32,$L$25:$L$384) -> 165 | AA32: =SUMIF($B$25:$B$384,X32,$P$25:$P$384) -> 164.79445 | AB32: =COUNTIFS($B$25:$B$384,X32,$T$25:$T$384,"Satisfactorio")/COUNTIF($B$25:$B$384,X32) -> 0.91666667
A33: 29830 | B33: 1981 | C33: Septiembre | D33: 115.4 | E33: ='Hoja 4 - Cálculo'!$B$12 -> 250 | F33: ='Hoja 4 - Cálculo'!$B$13 -> 0.85 | G33: ='Hoja 4 - Cálculo'!$B$14 -> 0.9 | H33: =D33*E33*F33*G33/1000 -> 22.07025 | I33: 8 | J33: 1.5 | K33: 2 | L33: =IF($B$9="Uso único",I33,IF($B$9="Uso múltiple",AVERAGE($I$25:$I$384)+AVERAGE($J$25:$J$384)+AVERAGE($K$25:$K$384),IF($B$9="Uso prioritario",I33+K33,I33+J33+K33))) -> 11.5 | M33: =Q32 -> 0 | N33: =MIN(M33+H33,(M33+H33)*$B$15) -> 0.441405 | O33: =MAX(0,M33+H33-N33) -> 21.628845 | P33: =MIN(L33,O33) -> 11.5 | Q33: =MIN($B$10,MAX(0,O33-P33)) -> 5 | R33: =MAX(0,O33-P33-$B$10) -> 5.128845 | S33: =MAX(0,L33-P33) -> 0 | T33: =IF(P33>=L33*$B$16,"Satisfactorio","Falla") -> Satisfactorio | U33: =IF(AND(T32="Falla",T33="Satisfactorio"),1,0) -> 1 | V33: =IF(AND(T33="Falla",T32<>"Falla"),1,0) -> 0 | X33: 1989 | Y33: =SUMIF($B$25:$B$384,X33,$H$25:$H$384) -> 220.12875 | Z33: =SUMIF($B$25:$B$384,X33,$L$25:$L$384) -> 165 | AA33: =SUMIF($B$25:$B$384,X33,$P$25:$P$384) -> 158.97038 | AB33: =COUNTIFS($B$25:$B$384,X33,$T$25:$T$384,"Satisfactorio")/COUNTIF($B$25:$B$384,X33) -> 0.83333333
A34: 29860 | B34: 1981 | C34: Octubre | D34: 155.7 | E34: ='Hoja 4 - Cálculo'!$B$12 -> 250 | F34: ='Hoja 4 - Cálculo'!$B$13 -> 0.85 | G34: ='Hoja 4 - Cálculo'!$B$14 -> 0.9 | H34: =D34*E34*F34*G34/1000 -> 29.777625 | I34: 8 | J34: 1.5 | K34: 2 | L34: =IF($B$9="Uso único",I34,IF($B$9="Uso múltiple",AVERAGE($I$25:$I$384)+AVERAGE($J$25:$J$384)+AVERAGE($K$25:$K$384),IF($B$9="Uso prioritario",I34+K34,I34+J34+K34))) -> 11.5 | M34: =Q33 -> 5 | N34: =MIN(M34+H34,(M34+H34)*$B$15) -> 0.6955525 | O34: =MAX(0,M34+H34-N34) -> 34.082073 | P34: =MIN(L34,O34) -> 11.5 | Q34: =MIN($B$10,MAX(0,O34-P34)) -> 5 | R34: =MAX(0,O34-P34-$B$10) -> 17.582073 | S34: =MAX(0,L34-P34) -> 0 | T34: =IF(P34>=L34*$B$16,"Satisfactorio","Falla") -> Satisfactorio | U34: =IF(AND(T33="Falla",T34="Satisfactorio"),1,0) -> 0 | V34: =IF(AND(T34="Falla",T33<>"Falla"),1,0) -> 0 | X34: 1990 | Y34: =SUMIF($B$25:$B$384,X34,$H$25:$H$384) -> 224.24062 | Z34: =SUMIF($B$25:$B$384,X34,$L$25:$L$384) -> 165 | AA34: =SUMIF($B$25:$B$384,X34,$P$25:$P$384) -> 158.07298 | AB34: =COUNTIFS($B$25:$B$384,X34,$T$25:$T$384,"Satisfactorio")/COUNTIF($B$25:$B$384,X34) -> 0.75
A35: 29891 | B35: 1981 | C35: Noviembre | D35: 133.4 | E35: ='Hoja 4 - Cálculo'!$B$12 -> 250 | F35: ='Hoja 4 - Cálculo'!$B$13 -> 0.85 | G35: ='Hoja 4 - Cálculo'!$B$14 -> 0.9 | H35: =D35*E35*F35*G35/1000 -> 25.51275 | I35: 8 | J35: 1.5 | K35: 2 | L35: =IF($B$9="Uso único",I35,IF($B$9="Uso múltiple",AVERAGE($I$25:$I$384)+AVERAGE($J$25:$J$384)+AVERAGE($K$25:$K$384),IF($B$9="Uso prioritario",I35+K35,I35+J35+K35))) -> 11.5 | M35: =Q34 -> 5 | N35: =MIN(M35+H35,(M35+H35)*$B$15) -> 0.610255 | O35: =MAX(0,M35+H35-N35) -> 29.902495 | P35: =MIN(L35,O35) -> 11.5 | Q35: =MIN($B$10,MAX(0,O35-P35)) -> 5 | R35: =MAX(0,O35-P35-$B$10) -> 13.402495 | S35: =MAX(0,L35-P35) -> 0 | T35: =IF(P35>=L35*$B$16,"Satisfactorio","Falla") -> Satisfactorio | U35: =IF(AND(T34="Falla",T35="Satisfactorio"),1,0) -> 0 | V35: =IF(AND(T35="Falla",T34<>"Falla"),1,0) -> 0 | X35: 1991 | Y35: =SUMIF($B$25:$B$384,X35,$H$25:$H$384) -> 256.48538 | Z35: =SUMIF($B$25:$B$384,X35,$L$25:$L$384) -> 165 | AA35: =SUMIF($B$25:$B$384,X35,$P$25:$P$384) -> 163.46121 | AB35: =COUNTIFS($B$25:$B$384,X35,$T$25:$T$384,"Satisfactorio")/COUNTIF($B$25:$B$384,X35) -> 0.83333333
A36: 29921 | B36: 1981 | C36: Diciembre | D36: 80.4 | E36: ='Hoja 4 - Cálculo'!$B$12 -> 250 | F36: ='Hoja 4 - Cálculo'!$B$13 -> 0.85 | G36: ='Hoja 4 - Cálculo'!$B$14 -> 0.9 | H36: =D36*E36*F36*G36/1000 -> 15.3765 | I36: 8 | J36: 6 | K36: 2 | L36: =IF($B$9="Uso único",I36,IF($B$9="Uso múltiple",AVERAGE($I$25:$I$384)+AVERAGE($J$25:$J$384)+AVERAGE($K$25:$K$384),IF($B$9="Uso prioritario",I36+K36,I36+J36+K36))) -> 16 | M36: =Q35 -> 5 | N36: =MIN(M36+H36,(M36+H36)*$B$15) -> 0.40753 | O36: =MAX(0,M36+H36-N36) -> 19.96897 | P36: =MIN(L36,O36) -> 16 | Q36: =MIN($B$10,MAX(0,O36-P36)) -> 3.96897 | R36: =MAX(0,O36-P36-$B$10) -> 0 | S36: =MAX(0,L36-P36) -> 0 | T36: =IF(P36>=L36*$B$16,"Satisfactorio","Falla") -> Satisfactorio | U36: =IF(AND(T35="Falla",T36="Satisfactorio"),1,0) -> 0 | V36: =IF(AND(T36="Falla",T35<>"Falla"),1,0) -> 0 | X36: 1992 | Y36: =SUMIF($B$25:$B$384,X36,$H$25:$H$384) -> 267.99863 | Z36: =SUMIF($B$25:$B$384,X36,$L$25:$L$384) -> 165 | AA36: =SUMIF($B$25:$B$384,X36,$P$25:$P$384) -> 165 | AB36: =COUNTIFS($B$25:$B$384,X36,$T$25:$T$384,"Satisfactorio")/COUNTIF($B$25:$B$384,X36) -> 1
A37: 29952 | B37: 1982 | C37: Enero | D37: 72.2 | E37: ='Hoja 4 - Cálculo'!$B$12 -> 250 | F37: ='Hoja 4 - Cálculo'!$B$13 -> 0.85 | G37: ='Hoja 4 - Cálculo'!$B$14 -> 0.9 | H37: =D37*E37*F37*G37/1000 -> 13.80825 | I37: 8 | J37: 6 | K37: 2 | L37: =IF($B$9="Uso único",I37,IF($B$9="Uso múltiple",AVERAGE($I$25:$I$384)+AVERAGE($J$25:$J$384)+AVERAGE($K$25:$K$384),IF($B$9="Uso prioritario",I37+K37,I37+J37+K37))) -> 16 | M37: =Q36 -> 3.96897 | N37: =MIN(M37+H37,(M37+H37)*$B$15) -> 0.3555444 | O37: =MAX(0,M37+H37-N37) -> 17.421676 | P37: =MIN(L37,O37) -> 16 | Q37: =MIN($B$10,MAX(0,O37-P37)) -> 1.4216756 | R37: =MAX(0,O37-P37-$B$10) -> 0 | S37: =MAX(0,L37-P37) -> 0 | T37: =IF(P37>=L37*$B$16,"Satisfactorio","Falla") -> Satisfactorio | U37: =IF(AND(T36="Falla",T37="Satisfactorio"),1,0) -> 0 | V37: =IF(AND(T37="Falla",T36<>"Falla"),1,0) -> 0 | X37: 1993 | Y37: =SUMIF($B$25:$B$384,X37,$H$25:$H$384) -> 242.10337 | Z37: =SUMIF($B$25:$B$384,X37,$L$25:$L$384) -> 165 | AA37: =SUMIF($B$25:$B$384,X37,$P$25:$P$384) -> 163.36065 | AB37: =COUNTIFS($B$25:$B$384,X37,$T$25:$T$384,"Satisfactorio")/COUNTIF($B$25:$B$384,X37) -> 0.91666667
... A41: 30072 | B41: 1982 | C41: Mayo | D41: 153.2 | E41: ='Hoja 4 - Cálculo'!$B$12 -> 250 | F41: ='Hoja 4 - Cálculo'!$B$13 -> 0.85 | G41: ='Hoja 4 - Cálculo'!$B$14 -> 0.9 | H41: =D41*E41*F41*G41/1000 -> 29.2995 | I41: 8 | J41: 1.5 | K41: 2 | L41: =IF($B$9="Uso único",I41,IF($B$9="Uso múltiple",AVERAGE($I$25:$I$384)+AVERAGE($J$25:$J$384)+AVERAGE($K$25:$K$384),IF($B$9="Uso prioritario",I41+K41,I41+J41+K41))) -> 11.5 | M41: =Q40 -> 5 | N41: =MIN(M41+H41,(M41+H41)*$B$15) -> 0.68599 | O41: =MAX(0,M41+H41-N41) -> 33.61351 | P41: =MIN(L41,O41) -> 11.5 | Q41: =MIN($B$10,MAX(0,O41-P41)) -> 5 | R41: =MAX(0,O41-P41-$B$10) -> 17.11351 | S41: =MAX(0,L41-P41) -> 0 | T41: =IF(P41>=L41*$B$16,"Satisfactorio","Falla") -> Satisfactorio | U41: =IF(AND(T40="Falla",T41="Satisfactorio"),1,0) -> 0 | V41: =IF(AND(T41="Falla",T40<>"Falla"),1,0) -> 0 | X41: 1997 | Y41: =SUMIF($B$25:$B$384,X41,$H$25:$H$384) -> 276.71962 | Z41: =SUMIF($B$25:$B$384,X41,$L$25:$L$384) -> 165 | AA41: =SUMIF($B$25:$B$384,X41,$P$25:$P$384) -> 165 | AB41: =COUNTIFS($B$25:$B$384,X41,$T$25:$T$384,"Satisfactorio")/COUNTIF($B$25:$B$384,X41) -> 1
A42: 30103 | B42: 1982 | C42: Junio | D42: 95.8 | E42: ='Hoja 4 - Cálculo'!$B$12 -> 250 | F42: ='Hoja 4 - Cálculo'!$B$13 -> 0.85 | G42: ='Hoja 4 - Cálculo'!$B$14 -> 0.9 | H42: =D42*E42*F42*G42/1000 -> 18.32175 | I42: 8 | J42: 1.5 | K42: 2 | L42: =IF($B$9="Uso único",I42,IF($B$9="Uso múltiple",AVERAGE($I$25:$I$384)+AVERAGE($J$25:$J$384)+AVERAGE($K$25:$K$384),IF($B$9="Uso prioritario",I42+K42,I42+J42+K42))) -> 11.5 | M42: =Q41 -> 5 | N42: =MIN(M42+H42,(M42+H42)*$B$15) -> 0.466435 | O42: =MAX(0,M42+H42-N42) -> 22.855315 | P42: =MIN(L42,O42) -> 11.5 | Q42: =MIN($B$10,MAX(0,O42-P42)) -> 5 | R42: =MAX(0,O42-P42-$B$10) -> 6.355315 | S42: =MAX(0,L42-P42) -> 0 | T42: =IF(P42>=L42*$B$16,"Satisfactorio","Falla") -> Satisfactorio | U42: =IF(AND(T41="Falla",T42="Satisfactorio"),1,0) -> 0 | V42: =IF(AND(T42="Falla",T41<>"Falla"),1,0) -> 0 | X42: 1998 | Y42: =SUMIF($B$25:$B$384,X42,$H$25:$H$384) -> 231.62287 | Z42: =SUMIF($B$25:$B$384,X42,$L$25:$L$384) -> 165 | AA42: =SUMIF($B$25:$B$384,X42,$P$25:$P$384) -> 162.05492 | AB42: =COUNTIFS($B$25:$B$384,X42,$T$25:$T$384,"Satisfactorio")/COUNTIF($B$25:$B$384,X42) -> 0.83333333 | AD42: Decisión del aprendiz: compare la fiabilidad obtenida con la meta, revise déficit, duración de fallas y rebose. Una capacidad mayor no es automáticamente óptima: identifique cuándo las mejoras son marginales y contraste configuraciones en la hoja Curvas SRY.
A43: 30133 | B43: 1982 | C43: Julio | D43: 80.4 | E43: ='Hoja 4 - Cálculo'!$B$12 -> 250 | F43: ='Hoja 4 - Cálculo'!$B$13 -> 0.85 | G43: ='Hoja 4 - Cálculo'!$B$14 -> 0.9 | H43: =D43*E43*F43*G43/1000 -> 15.3765 | I43: 8 | J43: 6 | K43: 2 | L43: =IF($B$9="Uso único",I43,IF($B$9="Uso múltiple",AVERAGE($I$25:$I$384)+AVERAGE($J$25:$J$384)+AVERAGE($K$25:$K$384),IF($B$9="Uso prioritario",I43+K43,I43+J43+K43))) -> 16 | M43: =Q42 -> 5 | N43: =MIN(M43+H43,(M43+H43)*$B$15) -> 0.40753 | O43: =MAX(0,M43+H43-N43) -> 19.96897 | P43: =MIN(L43,O43) -> 16 | Q43: =MIN($B$10,MAX(0,O43-P43)) -> 3.96897 | R43: =MAX(0,O43-P43-$B$10) -> 0 | S43: =MAX(0,L43-P43) -> 0 | T43: =IF(P43>=L43*$B$16,"Satisfactorio","Falla") -> Satisfactorio | U43: =IF(AND(T42="Falla",T43="Satisfactorio"),1,0) -> 0 | V43: =IF(AND(T43="Falla",T42<>"Falla"),1,0) -> 0 | X43: 1999 | Y43: =SUMIF($B$25:$B$384,X43,$H$25:$H$384) -> 213.22462 | Z43: =SUMIF($B$25:$B$384,X43,$L$25:$L$384) -> 165 | AA43: =SUMIF($B$25:$B$384,X43,$P$25:$P$384) -> 157.69963 | AB43: =COUNTIFS($B$25:$B$384,X43,$T$25:$T$384,"Satisfactorio")/COUNTIF($B$25:$B$384,X43) -> 0.75
A44: 30164 | B44: 1982 | C44: Agosto | D44: 86.1 | E44: ='Hoja 4 - Cálculo'!$B$12 -> 250 | F44: ='Hoja 4 - Cálculo'!$B$13 -> 0.85 | G44: ='Hoja 4 - Cálculo'!$B$14 -> 0.9 | H44: =D44*E44*F44*G44/1000 -> 16.466625 | I44: 8 | J44: 6 | K44: 2 | L44: =IF($B$9="Uso único",I44,IF($B$9="Uso múltiple",AVERAGE($I$25:$I$384)+AVERAGE($J$25:$J$384)+AVERAGE($K$25:$K$384),IF($B$9="Uso prioritario",I44+K44,I44+J44+K44))) -> 16 | M44: =Q43 -> 3.96897 | N44: =MIN(M44+H44,(M44+H44)*$B$15) -> 0.4087119 | O44: =MAX(0,M44+H44-N44) -> 20.026883 | P44: =MIN(L44,O44) -> 16 | Q44: =MIN($B$10,MAX(0,O44-P44)) -> 4.0268831 | R44: =MAX(0,O44-P44-$B$10) -> 0 | S44: =MAX(0,L44-P44) -> 0 | T44: =IF(P44>=L44*$B$16,"Satisfactorio","Falla") -> Satisfactorio | U44: =IF(AND(T43="Falla",T44="Satisfactorio"),1,0) -> 0 | V44: =IF(AND(T44="Falla",T43<>"Falla"),1,0) -> 0 | X44: 2000 | Y44: =SUMIF($B$25:$B$384,X44,$H$25:$H$384) -> 238.39313 | Z44: =SUMIF($B$25:$B$384,X44,$L$25:$L$384) -> 165 | AA44: =SUMIF($B$25:$B$384,X44,$P$25:$P$384) -> 157.45748 | AB44: =COUNTIFS($B$25:$B$384,X44,$T$25:$T$384,"Satisfactorio")/COUNTIF($B$25:$B$384,X44) -> 0.75
A45: 30195 | B45: 1982 | C45: Septiembre | D45: 135.1 | E45: ='Hoja 4 - Cálculo'!$B$12 -> 250 | F45: ='Hoja 4 - Cálculo'!$B$13 -> 0.85 | G45: ='Hoja 4 - Cálculo'!$B$14 -> 0.9 | H45: =D45*E45*F45*G45/1000 -> 25.837875 | I45: 8 | J45: 1.5 | K45: 2 | L45: =IF($B$9="Uso único",I45,IF($B$9="Uso múltiple",AVERAGE($I$25:$I$384)+AVERAGE($J$25:$J$384)+AVERAGE($K$25:$K$384),IF($B$9="Uso prioritario",I45+K45,I45+J45+K45))) -> 11.5 | M45: =Q44 -> 4.0268831 | N45: =MIN(M45+H45,(M45+H45)*$B$15) -> 0.59729516 | O45: =MAX(0,M45+H45-N45) -> 29.267463 | P45: =MIN(L45,O45) -> 11.5 | Q45: =MIN($B$10,MAX(0,O45-P45)) -> 5 | R45: =MAX(0,O45-P45-$B$10) -> 12.767463 | S45: =MAX(0,L45-P45) -> 0 | T45: =IF(P45>=L45*$B$16,"Satisfactorio","Falla") -> Satisfactorio | U45: =IF(AND(T44="Falla",T45="Satisfactorio"),1,0) -> 0 | V45: =IF(AND(T45="Falla",T44<>"Falla"),1,0) -> 0 | X45: 2001 | Y45: =SUMIF($B$25:$B$384,X45,$H$25:$H$384) -> 265.93313 | Z45: =SUMIF($B$25:$B$384,X45,$L$25:$L$384) -> 165 | AA45: =SUMIF($B$25:$B$384,X45,$P$25:$P$384) -> 164.24952 | AB45: =COUNTIFS($B$25:$B$384,X45,$T$25:$T$384,"Satisfactorio")/COUNTIF($B$25:$B$384,X45) -> 0.83333333
A46: 30225 | B46: 1982 | C46: Octubre | D46: 175 | E46: ='Hoja 4 - Cálculo'!$B$12 -> 250 | F46: ='Hoja 4 - Cálculo'!$B$13 -> 0.85 | G46: ='Hoja 4 - Cálculo'!$B$14 -> 0.9 | H46: =D46*E46*F46*G46/1000 -> 33.46875 | I46: 8 | J46: 1.5 | K46: 2 | L46: =IF($B$9="Uso único",I46,IF($B$9="Uso múltiple",AVERAGE($I$25:$I$384)+AVERAGE($J$25:$J$384)+AVERAGE($K$25:$K$384),IF($B$9="Uso prioritario",I46+K46,I46+J46+K46))) -> 11.5 | M46: =Q45 -> 5 | N46: =MIN(M46+H46,(M46+H46)*$B$15) -> 0.769375 | O46: =MAX(0,M46+H46-N46) -> 37.699375 | P46: =MIN(L46,O46) -> 11.5 | Q46: =MIN($B$10,MAX(0,O46-P46)) -> 5 | R46: =MAX(0,O46-P46-$B$10) -> 21.199375 | S46: =MAX(0,L46-P46) -> 0 | T46: =IF(P46>=L46*$B$16,"Satisfactorio","Falla") -> Satisfactorio | U46: =IF(AND(T45="Falla",T46="Satisfactorio"),1,0) -> 0 | V46: =IF(AND(T46="Falla",T45<>"Falla"),1,0) -> 0 | X46: 2002 | Y46: =SUMIF($B$25:$B$384,X46,$H$25:$H$384) -> 260.82675 | Z46: =SUMIF($B$25:$B$384,X46,$L$25:$L$384) -> 165 | AA46: =SUMIF($B$25:$B$384,X46,$P$25:$P$384) -> 165 | AB46: =COUNTIFS($B$25:$B$384,X46,$T$25:$T$384,"Satisfactorio")/COUNTIF($B$25:$B$384,X46) -> 1
A47: 30256 | B47: 1982 | C47: Noviembre | D47: 144.2 | E47: ='Hoja 4 - Cálculo'!$B$12 -> 250 | F47: ='Hoja 4 - Cálculo'!$B$13 -> 0.85 | G47: ='Hoja 4 - Cálculo'!$B$14 -> 0.9 | H47: =D47*E47*F47*G47/1000 -> 27.57825 | I47: 8 | J47: 1.5 | K47: 2 | L47: =IF($B$9="Uso único",I47,IF($B$9="Uso múltiple",AVERAGE($I$25:$I$384)+AVERAGE($J$25:$J$384)+AVERAGE($K$25:$K$384),IF($B$9="Uso prioritario",I47+K47,I47+J47+K47))) -> 11.5 | M47: =Q46 -> 5 | N47: =MIN(M47+H47,(M47+H47)*$B$15) -> 0.651565 | O47: =MAX(0,M47+H47-N47) -> 31.926685 | P47: =MIN(L47,O47) -> 11.5 | Q47: =MIN($B$10,MAX(0,O47-P47)) -> 5 | R47: =MAX(0,O47-P47-$B$10) -> 15.426685 | S47: =MAX(0,L47-P47) -> 0 | T47: =IF(P47>=L47*$B$16,"Satisfactorio","Falla") -> Satisfactorio | U47: =IF(AND(T46="Falla",T47="Satisfactorio"),1,0) -> 0 | V47: =IF(AND(T47="Falla",T46<>"Falla"),1,0) -> 0 | X47: 2003 | Y47: =SUMIF($B$25:$B$384,X47,$H$25:$H$384) -> 229.06012 | Z47: =SUMIF($B$25:$B$384,X47,$L$25:$L$384) -> 165 | AA47: =SUMIF($B$25:$B$384,X47,$P$25:$P$384) -> 162.09952 | AB47: =COUNTIFS($B$25:$B$384,X47,$T$25:$T$384,"Satisfactorio")/COUNTIF($B$25:$B$384,X47) -> 0.83333333
A48: 30286 | B48: 1982 | C48: Diciembre | D48: 85 | E48: ='Hoja 4 - Cálculo'!$B$12 -> 250 | F48: ='Hoja 4 - Cálculo'!$B$13 -> 0.85 | G48: ='Hoja 4 - Cálculo'!$B$14 -> 0.9 | H48: =D48*E48*F48*G48/1000 -> 16.25625 | I48: 8 | J48: 6 | K48: 2 | L48: =IF($B$9="Uso único",I48,IF($B$9="Uso múltiple",AVERAGE($I$25:$I$384)+AVERAGE($J$25:$J$384)+AVERAGE($K$25:$K$384),IF($B$9="Uso prioritario",I48+K48,I48+J48+K48))) -> 16 | M48: =Q47 -> 5 | N48: =MIN(M48+H48,(M48+H48)*$B$15) -> 0.425125 | O48: =MAX(0,M48+H48-N48) -> 20.831125 | P48: =MIN(L48,O48) -> 16 | Q48: =MIN($B$10,MAX(0,O48-P48)) -> 4.831125 | R48: =MAX(0,O48-P48-$B$10) -> 0 | S48: =MAX(0,L48-P48) -> 0 | T48: =IF(P48>=L48*$B$16,"Satisfactorio","Falla") -> Satisfactorio | U48: =IF(AND(T47="Falla",T48="Satisfactorio"),1,0) -> 0 | V48: =IF(AND(T48="Falla",T47<>"Falla"),1,0) -> 0 | X48: 2004 | Y48: =SUMIF($B$25:$B$384,X48,$H$25:$H$384) -> 217.27912 | Z48: =SUMIF($B$25:$B$384,X48,$L$25:$L$384) -> 165 | AA48: =SUMIF($B$25:$B$384,X48,$P$25:$P$384) -> 156.08553 | AB48: =COUNTIFS($B$25:$B$384,X48,$T$25:$T$384,"Satisfactorio")/COUNTIF($B$25:$B$384,X48) -> 0.75
A49: 30317 | B49: 1983 | C49: Enero | D49: 66.8 | E49: ='Hoja 4 - Cálculo'!$B$12 -> 250 | F49: ='Hoja 4 - Cálculo'!$B$13 -> 0.85 | G49: ='Hoja 4 - Cálculo'!$B$14 -> 0.9 | H49: =D49*E49*F49*G49/1000 -> 12.7755 | I49: 8 | J49: 6 | K49: 2 | L49: =IF($B$9="Uso único",I49,IF($B$9="Uso múltiple",AVERAGE($I$25:$I$384)+AVERAGE($J$25:$J$384)+AVERAGE($K$25:$K$384),IF($B$9="Uso prioritario",I49+K49,I49+J49+K49))) -> 16 | M49: =Q48 -> 4.831125 | N49: =MIN(M49+H49,(M49+H49)*$B$15) -> 0.3521325 | O49: =MAX(0,M49+H49-N49) -> 17.254493 | P49: =MIN(L49,O49) -> 16 | Q49: =MIN($B$10,MAX(0,O49-P49)) -> 1.2544925 | R49: =MAX(0,O49-P49-$B$10) -> 0 | S49: =MAX(0,L49-P49) -> 0 | T49: =IF(P49>=L49*$B$16,"Satisfactorio","Falla") -> Satisfactorio | U49: =IF(AND(T48="Falla",T49="Satisfactorio"),1,0) -> 0 | V49: =IF(AND(T49="Falla",T48<>"Falla"),1,0) -> 0 | X49: 2005 | Y49: =SUMIF($B$25:$B$384,X49,$H$25:$H$384) -> 243.9585 | Z49: =SUMIF($B$25:$B$384,X49,$L$25:$L$384) -> 165 | AA49: =SUMIF($B$25:$B$384,X49,$P$25:$P$384) -> 161.07266 | AB49: =COUNTIFS($B$25:$B$384,X49,$T$25:$T$384,"Satisfactorio")/COUNTIF($B$25:$B$384,X49) -> 0.83333333
A50: 30348 | B50: 1983 | C50: Febrero | D50: 75.8 | E50: ='Hoja 4 - Cálculo'!$B$12 -> 250 | F50: ='Hoja 4 - Cálculo'!$B$13 -> 0.85 | G50: ='Hoja 4 - Cálculo'!$B$14 -> 0.9 | H50: =D50*E50*F50*G50/1000 -> 14.49675 | I50: 8 | J50: 6 | K50: 2 | L50: =IF($B$9="Uso único",I50,IF($B$9="Uso múltiple",AVERAGE($I$25:$I$384)+AVERAGE($J$25:$J$384)+AVERAGE($K$25:$K$384),IF($B$9="Uso prioritario",I50+K50,I50+J50+K50))) -> 16 | M50: =Q49 -> 1.2544925 | N50: =MIN(M50+H50,(M50+H50)*$B$15) -> 0.31502485 | O50: =MAX(0,M50+H50-N50) -> 15.436218 | P50: =MIN(L50,O50) -> 15.436218 | Q50: =MIN($B$10,MAX(0,O50-P50)) -> 0 | R50: =MAX(0,O50-P50-$B$10) -> 0 | S50: =MAX(0,L50-P50) -> 0.56378235 | T50: =IF(P50>=L50*$B$16,"Satisfactorio","Falla") -> Falla | U50: =IF(AND(T49="Falla",T50="Satisfactorio"),1,0) -> 0 | V50: =IF(AND(T50="Falla",T49<>"Falla"),1,0) -> 1 | X50: 2006 | Y50: =SUMIF($B$25:$B$384,X50,$H$25:$H$384) -> 269.31825 | Z50: =SUMIF($B$25:$B$384,X50,$L$25:$L$384) -> 165 | AA50: =SUMIF($B$25:$B$384,X50,$P$25:$P$384) -> 165 | AB50: =COUNTIFS($B$25:$B$384,X50,$T$25:$T$384,"Satisfactorio")/COUNTIF($B$25:$B$384,X50) -> 1
A51: 30376 | B51: 1983 | C51: Marzo | D51: 114.7 | E51: ='Hoja 4 - Cálculo'!$B$12 -> 250 | F51: ='Hoja 4 - Cálculo'!$B$13 -> 0.85 | G51: ='Hoja 4 - Cálculo'!$B$14 -> 0.9 | H51: =D51*E51*F51*G51/1000 -> 21.936375 | I51: 8 | J51: 6 | K51: 2 | L51: =IF($B$9="Uso único",I51,IF($B$9="Uso múltiple",AVERAGE($I$25:$I$384)+AVERAGE($J$25:$J$384)+AVERAGE($K$25:$K$384),IF($B$9="Uso prioritario",I51+K51,I51+J51+K51))) -> 16 | M51: =Q50 -> 0 | N51: =MIN(M51+H51,(M51+H51)*$B$15) -> 0.4387275 | O51: =MAX(0,M51+H51-N51) -> 21.497648 | P51: =MIN(L51,O51) -> 16 | Q51: =MIN($B$10,MAX(0,O51-P51)) -> 5 | R51: =MAX(0,O51-P51-$B$10) -> 0.4976475 | S51: =MAX(0,L51-P51) -> 0 | T51: =IF(P51>=L51*$B$16,"Satisfactorio","Falla") -> Satisfactorio | U51: =IF(AND(T50="Falla",T51="Satisfactorio"),1,0) -> 1 | V51: =IF(AND(T51="Falla",T50<>"Falla"),1,0) -> 0 | X51: 2007 | Y51: =SUMIF($B$25:$B$384,X51,$H$25:$H$384) -> 255.77775 | Z51: =SUMIF($B$25:$B$384,X51,$L$25:$L$384) -> 165 | AA51: =SUMIF($B$25:$B$384,X51,$P$25:$P$384) -> 165 | AB51: =COUNTIFS($B$25:$B$384,X51,$T$25:$T$384,"Satisfactorio")/COUNTIF($B$25:$B$384,X51) -> 1
A52: 30407 | B52: 1983 | C52: Abril | D52: 168.7 | E52: ='Hoja 4 - Cálculo'!$B$12 -> 250 | F52: ='Hoja 4 - Cálculo'!$B$13 -> 0.85 | G52: ='Hoja 4 - Cálculo'!$B$14 -> 0.9 | H52: =D52*E52*F52*G52/1000 -> 32.263875 | I52: 8 | J52: 1.5 | K52: 2 | L52: =IF($B$9="Uso único",I52,IF($B$9="Uso múltiple",AVERAGE($I$25:$I$384)+AVERAGE($J$25:$J$384)+AVERAGE($K$25:$K$384),IF($B$9="Uso prioritario",I52+K52,I52+J52+K52))) -> 11.5 | M52: =Q51 -> 5 | N52: =MIN(M52+H52,(M52+H52)*$B$15) -> 0.7452775 | O52: =MAX(0,M52+H52-N52) -> 36.518597 | P52: =MIN(L52,O52) -> 11.5 | Q52: =MIN($B$10,MAX(0,O52-P52)) -> 5 | R52: =MAX(0,O52-P52-$B$10) -> 20.018597 | S52: =MAX(0,L52-P52) -> 0 | T52: =IF(P52>=L52*$B$16,"Satisfactorio","Falla") -> Satisfactorio | U52: =IF(AND(T51="Falla",T52="Satisfactorio"),1,0) -> 0 | V52: =IF(AND(T52="Falla",T51<>"Falla"),1,0) -> 0 | X52: 2008 | Y52: =SUMIF($B$25:$B$384,X52,$H$25:$H$384) -> 223.49475 | Z52: =SUMIF($B$25:$B$384,X52,$L$25:$L$384) -> 165 | AA52: =SUMIF($B$25:$B$384,X52,$P$25:$P$384) -> 160.2876 | AB52: =COUNTIFS($B$25:$B$384,X52,$T$25:$T$384,"Satisfactorio")/COUNTIF($B$25:$B$384,X52) -> 0.75
A53: 30437 | B53: 1983 | C53: Mayo | D53: 153.5 | E53: ='Hoja 4 - Cálculo'!$B$12 -> 250 | F53: ='Hoja 4 - Cálculo'!$B$13 -> 0.85 | G53: ='Hoja 4 - Cálculo'!$B$14 -> 0.9 | H53: =D53*E53*F53*G53/1000 -> 29.356875 | I53: 8 | J53: 1.5 | K53: 2 | L53: =IF($B$9="Uso único",I53,IF($B$9="Uso múltiple",AVERAGE($I$25:$I$384)+AVERAGE($J$25:$J$384)+AVERAGE($K$25:$K$384),IF($B$9="Uso prioritario",I53+K53,I53+J53+K53))) -> 11.5 | M53: =Q52 -> 5 | N53: =MIN(M53+H53,(M53+H53)*$B$15) -> 0.6871375 | O53: =MAX(0,M53+H53-N53) -> 33.669738 | P53: =MIN(L53,O53) -> 11.5 | Q53: =MIN($B$10,MAX(0,O53-P53)) -> 5 | R53: =MAX(0,O53-P53-$B$10) -> 17.169738 | S53: =MAX(0,L53-P53) -> 0 | T53: =IF(P53>=L53*$B$16,"Satisfactorio","Falla") -> Satisfactorio | U53: =IF(AND(T52="Falla",T53="Satisfactorio"),1,0) -> 0 | V53: =IF(AND(T53="Falla",T52<>"Falla"),1,0) -> 0 | X53: 2009 | Y53: =SUMIF($B$25:$B$384,X53,$H$25:$H$384) -> 219.51675 | Z53: =SUMIF($B$25:$B$384,X53,$L$25:$L$384) -> 165 | AA53: =SUMIF($B$25:$B$384,X53,$P$25:$P$384) -> 155.58698 | AB53: =COUNTIFS($B$25:$B$384,X53,$T$25:$T$384,"Satisfactorio")/COUNTIF($B$25:$B$384,X53) -> 0.75
A54: 30468 | B54: 1983 | C54: Junio | D54: 90 | E54: ='Hoja 4 - Cálculo'!$B$12 -> 250 | F54: ='Hoja 4 - Cálculo'!$B$13 -> 0.85 | G54: ='Hoja 4 - Cálculo'!$B$14 -> 0.9 | H54: =D54*E54*F54*G54/1000 -> 17.2125 | I54: 8 | J54: 1.5 | K54: 2 | L54: =IF($B$9="Uso único",I54,IF($B$9="Uso múltiple",AVERAGE($I$25:$I$384)+AVERAGE($J$25:$J$384)+AVERAGE($K$25:$K$384),IF($B$9="Uso prioritario",I54+K54,I54+J54+K54))) -> 11.5 | M54: =Q53 -> 5 | N54: =MIN(M54+H54,(M54+H54)*$B$15) -> 0.44425 | O54: =MAX(0,M54+H54-N54) -> 21.76825 | P54: =MIN(L54,O54) -> 11.5 | Q54: =MIN($B$10,MAX(0,O54-P54)) -> 5 | R54: =MAX(0,O54-P54-$B$10) -> 5.26825 | S54: =MAX(0,L54-P54) -> 0 | T54: =IF(P54>=L54*$B$16,"Satisfactorio","Falla") -> Satisfactorio | U54: =IF(AND(T53="Falla",T54="Satisfactorio"),1,0) -> 0 | V54: =IF(AND(T54="Falla",T53<>"Falla"),1,0) -> 0 | X54: 2010 | Y54: =SUMIF($B$25:$B$384,X54,$H$25:$H$384) -> 250.05937 | Z54: =SUMIF($B$25:$B$384,X54,$L$25:$L$384) -> 165 | AA54: =SUMIF($B$25:$B$384,X54,$P$25:$P$384) -> 161.9738 | AB54: =COUNTIFS($B$25:$B$384,X54,$T$25:$T$384,"Satisfactorio")/COUNTIF($B$25:$B$384,X54) -> 0.83333333
A55: 30498 | B55: 1983 | C55: Julio | D55: 71.1 | E55: ='Hoja 4 - Cálculo'!$B$12 -> 250 | F55: ='Hoja 4 - Cálculo'!$B$13 -> 0.85 | G55: ='Hoja 4 - Cálculo'!$B$14 -> 0.9 | H55: =D55*E55*F55*G55/1000 -> 13.597875 | I55: 8 | J55: 6 | K55: 2 | L55: =IF($B$9="Uso único",I55,IF($B$9="Uso múltiple",AVERAGE($I$25:$I$384)+AVERAGE($J$25:$J$384)+AVERAGE($K$25:$K$384),IF($B$9="Uso prioritario",I55+K55,I55+J55+K55))) -> 16 | M55: =Q54 -> 5 | N55: =MIN(M55+H55,(M55+H55)*$B$15) -> 0.3719575 | O55: =MAX(0,M55+H55-N55) -> 18.225918 | P55: =MIN(L55,O55) -> 16 | Q55: =MIN($B$10,MAX(0,O55-P55)) -> 2.2259175 | R55: =MAX(0,O55-P55-$B$10) -> 0 | S55: =MAX(0,L55-P55) -> 0 | T55: =IF(P55>=L55*$B$16,"Satisfactorio","Falla") -> Satisfactorio | U55: =IF(AND(T54="Falla",T55="Satisfactorio"),1,0) -> 0 | V55: =IF(AND(T55="Falla",T54<>"Falla"),1,0) -> 0
A56: 30529 | B56: 1983 | C56: Agosto | D56: 76.3 | E56: ='Hoja 4 - Cálculo'!$B$12 -> 250 | F56: ='Hoja 4 - Cálculo'!$B$13 -> 0.85 | G56: ='Hoja 4 - Cálculo'!$B$14 -> 0.9 | H56: =D56*E56*F56*G56/1000 -> 14.592375 | I56: 8 | J56: 6 | K56: 2 | L56: =IF($B$9="Uso único",I56,IF($B$9="Uso múltiple",AVERAGE($I$25:$I$384)+AVERAGE($J$25:$J$384)+AVERAGE($K$25:$K$384),IF($B$9="Uso prioritario",I56+K56,I56+J56+K56))) -> 16 | M56: =Q55 -> 2.2259175 | N56: =MIN(M56+H56,(M56+H56)*$B$15) -> 0.33636585 | O56: =MAX(0,M56+H56-N56) -> 16.481927 | P56: =MIN(L56,O56) -> 16 | Q56: =MIN($B$10,MAX(0,O56-P56)) -> 0.48192665 | R56: =MAX(0,O56-P56-$B$10) -> 0 | S56: =MAX(0,L56-P56) -> 0 | T56: =IF(P56>=L56*$B$16,"Satisfactorio","Falla") -> Satisfactorio | U56: =IF(AND(T55="Falla",T56="Satisfactorio"),1,0) -> 0 | V56: =IF(AND(T56="Falla",T55<>"Falla"),1,0) -> 0
A57: 30560 | B57: 1983 | C57: Septiembre | D57: 127.1 | E57: ='Hoja 4 - Cálculo'!$B$12 -> 250 | F57: ='Hoja 4 - Cálculo'!$B$13 -> 0.85 | G57: ='Hoja 4 - Cálculo'!$B$14 -> 0.9 | H57: =D57*E57*F57*G57/1000 -> 24.307875 | I57: 8 | J57: 1.5 | K57: 2 | L57: =IF($B$9="Uso único",I57,IF($B$9="Uso múltiple",AVERAGE($I$25:$I$384)+AVERAGE($J$25:$J$384)+AVERAGE($K$25:$K$384),IF($B$9="Uso prioritario",I57+K57,I57+J57+K57))) -> 11.5 | M57: =Q56 -> 0.48192665 | N57: =MIN(M57+H57,(M57+H57)*$B$15) -> 0.49579603 | O57: =MAX(0,M57+H57-N57) -> 24.294006 | P57: =MIN(L57,O57) -> 11.5 | Q57: =MIN($B$10,MAX(0,O57-P57)) -> 5 | R57: =MAX(0,O57-P57-$B$10) -> 7.7940056 | S57: =MAX(0,L57-P57) -> 0 | T57: =IF(P57>=L57*$B$16,"Satisfactorio","Falla") -> Satisfactorio | U57: =IF(AND(T56="Falla",T57="Satisfactorio"),1,0) -> 0 | V57: =IF(AND(T57="Falla",T56<>"Falla"),1,0) -> 0
A58: 30590 | B58: 1983 | C58: Octubre | D58: 175.5 | E58: ='Hoja 4 - Cálculo'!$B$12 -> 250 | F58: ='Hoja 4 - Cálculo'!$B$13 -> 0.85 | G58: ='Hoja 4 - Cálculo'!$B$14 -> 0.9 | H58: =D58*E58*F58*G58/1000 -> 33.564375 | I58: 8 | J58: 1.5 | K58: 2 | L58: =IF($B$9="Uso único",I58,IF($B$9="Uso múltiple",AVERAGE($I$25:$I$384)+AVERAGE($J$25:$J$384)+AVERAGE($K$25:$K$384),IF($B$9="Uso prioritario",I58+K58,I58+J58+K58))) -> 11.5 | M58: =Q57 -> 5 | N58: =MIN(M58+H58,(M58+H58)*$B$15) -> 0.7712875 | O58: =MAX(0,M58+H58-N58) -> 37.793087 | P58: =MIN(L58,O58) -> 11.5 | Q58: =MIN($B$10,MAX(0,O58-P58)) -> 5 | R58: =MAX(0,O58-P58-$B$10) -> 21.293087 | S58: =MAX(0,L58-P58) -> 0 | T58: =IF(P58>=L58*$B$16,"Satisfactorio","Falla") -> Satisfactorio | U58: =IF(AND(T57="Falla",T58="Satisfactorio"),1,0) -> 0 | V58: =IF(AND(T58="Falla",T57<>"Falla"),1,0) -> 0
A59: 30621 | B59: 1983 | C59: Noviembre | D59: 146.8 | E59: ='Hoja 4 - Cálculo'!$B$12 -> 250 | F59: ='Hoja 4 - Cálculo'!$B$13 -> 0.85 | G59: ='Hoja 4 - Cálculo'!$B$14 -> 0.9 | H59: =D59*E59*F59*G59/1000 -> 28.0755 | I59: 8 | J59: 1.5 | K59: 2 | L59: =IF($B$9="Uso único",I59,IF($B$9="Uso múltiple",AVERAGE($I$25:$I$384)+AVERAGE($J$25:$J$384)+AVERAGE($K$25:$K$384),IF($B$9="Uso prioritario",I59+K59,I59+J59+K59))) -> 11.5 | M59: =Q58 -> 5 | N59: =MIN(M59+H59,(M59+H59)*$B$15) -> 0.66151 | O59: =MAX(0,M59+H59-N59) -> 32.41399 | P59: =MIN(L59,O59) -> 11.5 | Q59: =MIN($B$10,MAX(0,O59-P59)) -> 5 | R59: =MAX(0,O59-P59-$B$10) -> 15.91399 | S59: =MAX(0,L59-P59) -> 0 | T59: =IF(P59>=L59*$B$16,"Satisfactorio","Falla") -> Satisfactorio | U59: =IF(AND(T58="Falla",T59="Satisfactorio"),1,0) -> 0 | V59: =IF(AND(T59="Falla",T58<>"Falla"),1,0) -> 0
A60: 30651 | B60: 1983 | C60: Diciembre | D60: 83.3 | E60: ='Hoja 4 - Cálculo'!$B$12 -> 250 | F60: ='Hoja 4 - Cálculo'!$B$13 -> 0.85 | G60: ='Hoja 4 - Cálculo'!$B$14 -> 0.9 | H60: =D60*E60*F60*G60/1000 -> 15.931125 | I60: 8 | J60: 6 | K60: 2 | L60: =IF($B$9="Uso único",I60,IF($B$9="Uso múltiple",AVERAGE($I$25:$I$384)+AVERAGE($J$25:$J$384)+AVERAGE($K$25:$K$384),IF($B$9="Uso prioritario",I60+K60,I60+J60+K60))) -> 16 | M60: =Q59 -> 5 | N60: =MIN(M60+H60,(M60+H60)*$B$15) -> 0.4186225 | O60: =MAX(0,M60+H60-N60) -> 20.512503 | P60: =MIN(L60,O60) -> 16 | Q60: =MIN($B$10,MAX(0,O60-P60)) -> 4.5125025 | R60: =MAX(0,O60-P60-$B$10) -> 0 | S60: =MAX(0,L60-P60) -> 0 | T60: =IF(P60>=L60*$B$16,"Satisfactorio","Falla") -> Satisfactorio | U60: =IF(AND(T59="Falla",T60="Satisfactorio"),1,0) -> 0 | V60: =IF(AND(T60="Falla",T59<>"Falla"),1,0) -> 0
A61: 30682 | B61: 1984 | C61: Enero | D61: 57.1 | E61: ='Hoja 4 - Cálculo'!$B$12 -> 250 | F61: ='Hoja 4 - Cálculo'!$B$13 -> 0.85 | G61: ='Hoja 4 - Cálculo'!$B$14 -> 0.9 | H61: =D61*E61*F61*G61/1000 -> 10.920375 | I61: 8 | J61: 6 | K61: 2 | L61: =IF($B$9="Uso único",I61,IF($B$9="Uso múltiple",AVERAGE($I$25:$I$384)+AVERAGE($J$25:$J$384)+AVERAGE($K$25:$K$384),IF($B$9="Uso prioritario",I61+K61,I61+J61+K61))) -> 16 | M61: =Q60 -> 4.5125025 | N61: =MIN(M61+H61,(M61+H61)*$B$15) -> 0.30865755 | O61: =MAX(0,M61+H61-N61) -> 15.12422 | P61: =MIN(L61,O61) -> 15.12422 | Q61: =MIN($B$10,MAX(0,O61-P61)) -> 0 | R61: =MAX(0,O61-P61-$B$10) -> 0 | S61: =MAX(0,L61-P61) -> 0.87578005 | T61: =IF(P61>=L61*$B$16,"Satisfactorio","Falla") -> Falla | U61: =IF(AND(T60="Falla",T61="Satisfactorio"),1,0) -> 0 | V61: =IF(AND(T61="Falla",T60<>"Falla"),1,0) -> 1
A62: 30713 | B62: 1984 | C62: Febrero | D62: 68.2 | E62: ='Hoja 4 - Cálculo'!$B$12 -> 250 | F62: ='Hoja 4 - Cálculo'!$B$13 -> 0.85 | G62: ='Hoja 4 - Cálculo'!$B$14 -> 0.9 | H62: =D62*E62*F62*G62/1000 -> 13.04325 | I62: 8 | J62: 6 | K62: 2 | L62: =IF($B$9="Uso único",I62,IF($B$9="Uso múltiple",AVERAGE($I$25:$I$384)+AVERAGE($J$25:$J$384)+AVERAGE($K$25:$K$384),IF($B$9="Uso prioritario",I62+K62,I62+J62+K62))) -> 16 | M62: =Q61 -> 0 | N62: =MIN(M62+H62,(M62+H62)*$B$15) -> 0.260865 | O62: =MAX(0,M62+H62-N62) -> 12.782385 | P62: =MIN(L62,O62) -> 12.782385 | Q62: =MIN($B$10,MAX(0,O62-P62)) -> 0 | R62: =MAX(0,O62-P62-$B$10) -> 0 | S62: =MAX(0,L62-P62) -> 3.217615 | T62: =IF(P62>=L62*$B$16,"Satisfactorio","Falla") -> Falla | U62: =IF(AND(T61="Falla",T62="Satisfactorio"),1,0) -> 0 | V62: =IF(AND(T62="Falla",T61<>"Falla"),1,0) -> 0
A63: 30742 | B63: 1984 | C63: Marzo | D63: 106 | E63: ='Hoja 4 - Cálculo'!$B$12 -> 250 | F63: ='Hoja 4 - Cálculo'!$B$13 -> 0.85 | G63: ='Hoja 4 - Cálculo'!$B$14 -> 0.9 | H63: =D63*E63*F63*G63/1000 -> 20.2725 | I63: 8 | J63: 6 | K63: 2 | L63: =IF($B$9="Uso único",I63,IF($B$9="Uso múltiple",AVERAGE($I$25:$I$384)+AVERAGE($J$25:$J$384)+AVERAGE($K$25:$K$384),IF($B$9="Uso prioritario",I63+K63,I63+J63+K63))) -> 16 | M63: =Q62 -> 0 | N63: =MIN(M63+H63,(M63+H63)*$B$15) -> 0.40545 | O63: =MAX(0,M63+H63-N63) -> 19.86705 | P63: =MIN(L63,O63) -> 16 | Q63: =MIN($B$10,MAX(0,O63-P63)) -> 3.86705 | R63: =MAX(0,O63-P63-$B$10) -> 0 | S63: =MAX(0,L63-P63) -> 0 | T63: =IF(P63>=L63*$B$16,"Satisfactorio","Falla") -> Satisfactorio | U63: =IF(AND(T62="Falla",T63="Satisfactorio"),1,0) -> 1 | V63: =IF(AND(T63="Falla",T62<>"Falla"),1,0) -> 0
A64: 30773 | B64: 1984 | C64: Abril | D64: 146 | E64: ='Hoja 4 - Cálculo'!$B$12 -> 250 | F64: ='Hoja 4 - Cálculo'!$B$13 -> 0.85 | G64: ='Hoja 4 - Cálculo'!$B$14 -> 0.9 | H64: =D64*E64*F64*G64/1000 -> 27.9225 | I64: 8 | J64: 1.5 | K64: 2 | L64: =IF($B$9="Uso único",I64,IF($B$9="Uso múltiple",AVERAGE($I$25:$I$384)+AVERAGE($J$25:$J$384)+AVERAGE($K$25:$K$384),IF($B$9="Uso prioritario",I64+K64,I64+J64+K64))) -> 11.5 | M64: =Q63 -> 3.86705 | N64: =MIN(M64+H64,(M64+H64)*$B$15) -> 0.635791 | O64: =MAX(0,M64+H64-N64) -> 31.153759 | P64: =MIN(L64,O64) -> 11.5 | Q64: =MIN($B$10,MAX(0,O64-P64)) -> 5 | R64: =MAX(0,O64-P64-$B$10) -> 14.653759 | S64: =MAX(0,L64-P64) -> 0 | T64: =IF(P64>=L64*$B$16,"Satisfactorio","Falla") -> Satisfactorio | U64: =IF(AND(T63="Falla",T64="Satisfactorio"),1,0) -> 0 | V64: =IF(AND(T64="Falla",T63<>"Falla"),1,0) -> 0
A65: 30803 | B65: 1984 | C65: Mayo | D65: 123.7 | E65: ='Hoja 4 - Cálculo'!$B$12 -> 250 | F65: ='Hoja 4 - Cálculo'!$B$13 -> 0.85 | G65: ='Hoja 4 - Cálculo'!$B$14 -> 0.9 | H65: =D65*E65*F65*G65/1000 -> 23.657625 | I65: 8 | J65: 1.5 | K65: 2 | L65: =IF($B$9="Uso único",I65,IF($B$9="Uso múltiple",AVERAGE($I$25:$I$384)+AVERAGE($J$25:$J$384)+AVERAGE($K$25:$K$384),IF($B$9="Uso prioritario",I65+K65,I65+J65+K65))) -> 11.5 | M65: =Q64 -> 5 | N65: =MIN(M65+H65,(M65+H65)*$B$15) -> 0.5731525 | O65: =MAX(0,M65+H65-N65) -> 28.084473 | P65: =MIN(L65,O65) -> 11.5 | Q65: =MIN($B$10,MAX(0,O65-P65)) -> 5 | R65: =MAX(0,O65-P65-$B$10) -> 11.584473 | S65: =MAX(0,L65-P65) -> 0 | T65: =IF(P65>=L65*$B$16,"Satisfactorio","Falla") -> Satisfactorio | U65: =IF(AND(T64="Falla",T65="Satisfactorio"),1,0) -> 0 | V65: =IF(AND(T65="Falla",T64<>"Falla"),1,0) -> 0
A66: 30834 | B66: 1984 | C66: Junio | D66: 76.1 | E66: ='Hoja 4 - Cálculo'!$B$12 -> 250 | F66: ='Hoja 4 - Cálculo'!$B$13 -> 0.85 | G66: ='Hoja 4 - Cálculo'!$B$14 -> 0.9 | H66: =D66*E66*F66*G66/1000 -> 14.554125 | I66: 8 | J66: 1.5 | K66: 2 | L66: =IF($B$9="Uso único",I66,IF($B$9="Uso múltiple",AVERAGE($I$25:$I$384)+AVERAGE($J$25:$J$384)+AVERAGE($K$25:$K$384),IF($B$9="Uso prioritario",I66+K66,I66+J66+K66))) -> 11.5 | M66: =Q65 -> 5 | N66: =MIN(M66+H66,(M66+H66)*$B$15) -> 0.3910825 | O66: =MAX(0,M66+H66-N66) -> 19.163042 | P66: =MIN(L66,O66) -> 11.5 | Q66: =MIN($B$10,MAX(0,O66-P66)) -> 5 | R66: =MAX(0,O66-P66-$B$10) -> 2.6630425 | S66: =MAX(0,L66-P66) -> 0 | T66: =IF(P66>=L66*$B$16,"Satisfactorio","Falla") -> Satisfactorio | U66: =IF(AND(T65="Falla",T66="Satisfactorio"),1,0) -> 0 | V66: =IF(AND(T66="Falla",T65<>"Falla"),1,0) -> 0
... A384: 40513 | B384: 2010 | C384: Diciembre | D384: 86 | E384: ='Hoja 4 - Cálculo'!$B$12 -> 250 | F384: ='Hoja 4 - Cálculo'!$B$13 -> 0.85 | G384: ='Hoja 4 - Cálculo'!$B$14 -> 0.9 | H384: =D384*E384*F384*G384/1000 -> 16.4475 | I384: 8 | J384: 6 | K384: 2 | L384: =IF($B$9="Uso único",I384,IF($B$9="Uso múltiple",AVERAGE($I$25:$I$384)+AVERAGE($J$25:$J$384)+AVERAGE($K$25:$K$384),IF($B$9="Uso prioritario",I384+K384,I384+J384+K384))) -> 16 | M384: =Q383 -> 5 | N384: =MIN(M384+H384,(M384+H384)*$B$15) -> 0.42895 | O384: =MAX(0,M384+H384-N384) -> 21.01855 | P384: =MIN(L384,O384) -> 16 | Q384: =MIN($B$10,MAX(0,O384-P384)) -> 5 | R384: =MAX(0,O384-P384-$B$10) -> 0.01855 | S384: =MAX(0,L384-P384) -> 0 | T384: =IF(P384>=L384*$B$16,"Satisfactorio","Falla") -> Satisfactorio | U384: =IF(AND(T383="Falla",T384="Satisfactorio"),1,0) -> 0 | V384: =IF(AND(T384="Falla",T383<>"Falla"),1,0) -> 0

Sheet Curvas SRY
A1: CF2 · CURVAS SRY Y COMPARACIÓN DE ALTERNATIVAS
A2: Evalúe un rango de capacidades y tres niveles de rendimiento. La simulación aplica el mismo balance temporal de la Hoja 4; las celdas azules son decisiones de diseño y los resultados se actualizan automáticamente.
A4: LEYENDA | B4: Entrada | C4: Fórmula | D4: Alerta | E4: Ejemplo | F4: Unidades en encabezado
A6: CONTROLES DE LA SIMULACIÓN SRY | H6: MATRIZ PARA LA CURVA SRY
A7: Capacidad candidata (m³) | B7: Valor | D7: Rendimiento objetivo | E7: Factor | H7: Capacidad (m³) | I7: R bajo | J7: R base | K7: R alto | L7: Conclusión
A8: C1 | B8: 1 | D8: Bajo | E8: 0.75 | H8: =B8 -> 1 | I8: =COUNTIFS('Soporte SRY'!$A$4:$A$2163,"SRY-1-1",'Soporte SRY'!$Q$4:$Q$2163,"Satisfactorio")/$E$13 -> 0.98333333 | J8: =COUNTIFS('Soporte SRY'!$A$4:$A$2163,"SRY-1-2",'Soporte SRY'!$Q$4:$Q$2163,"Satisfactorio")/$E$13 -> 0.64166667 | K8: =COUNTIFS('Soporte SRY'!$A$4:$A$2163,"SRY-1-3",'Soporte SRY'!$Q$4:$Q$2163,"Satisfactorio")/$E$13 -> 0.55 | L8: =IF(K8>=$E$12,"Cumple incluso con rendimiento alto",IF(J8>=$E$12,"Cumple con rendimiento base",IF(I8>=$E$12,"Cumple solo con rendimiento bajo","No cumple la meta"))) -> Cumple solo con rendimiento bajo
A9: C2 | B9: 2 | D9: Base | E9: 1 | H9: =B9 -> 2 | I9: =COUNTIFS('Soporte SRY'!$A$4:$A$2163,"SRY-2-1",'Soporte SRY'!$Q$4:$Q$2163,"Satisfactorio")/$E$13 -> 1 | J9: =COUNTIFS('Soporte SRY'!$A$4:$A$2163,"SRY-2-2",'Soporte SRY'!$Q$4:$Q$2163,"Satisfactorio")/$E$13 -> 0.675 | K9: =COUNTIFS('Soporte SRY'!$A$4:$A$2163,"SRY-2-3",'Soporte SRY'!$Q$4:$Q$2163,"Satisfactorio")/$E$13 -> 0.55 | L9: =IF(K9>=$E$12,"Cumple incluso con rendimiento alto",IF(J9>=$E$12,"Cumple con rendimiento base",IF(I9>=$E$12,"Cumple solo con rendimiento bajo","No cumple la meta"))) -> Cumple solo con rendimiento bajo
A10: C3 | B10: 3 | D10: Alto | E10: 1.25 | H10: =B10 -> 3 | I10: =COUNTIFS('Soporte SRY'!$A$4:$A$2163,"SRY-3-1",'Soporte SRY'!$Q$4:$Q$2163,"Satisfactorio")/$E$13 -> 1 | J10: =COUNTIFS('Soporte SRY'!$A$4:$A$2163,"SRY-3-2",'Soporte SRY'!$Q$4:$Q$2163,"Satisfactorio")/$E$13 -> 0.725 | K10: =COUNTIFS('Soporte SRY'!$A$4:$A$2163,"SRY-3-3",'Soporte SRY'!$Q$4:$Q$2163,"Satisfactorio")/$E$13 -> 0.55 | L10: =IF(K10>=$E$12,"Cumple incluso con rendimiento alto",IF(J10>=$E$12,"Cumple con rendimiento base",IF(I10>=$E$12,"Cumple solo con rendimiento bajo","No cumple la meta"))) -> Cumple solo con rendimiento bajo
A11: C4 | B11: 5 | D11: Capacidad para comparar usos (m³) | E11: 5 | H11: =B11 -> 5 | I11: =COUNTIFS('Soporte SRY'!$A$4:$A$2163,"SRY-4-1",'Soporte SRY'!$Q$4:$Q$2163,"Satisfactorio")/$E$13 -> 1 | J11: =COUNTIFS('Soporte SRY'!$A$4:$A$2163,"SRY-4-2",'Soporte SRY'!$Q$4:$Q$2163,"Satisfactorio")/$E$13 -> 0.85 | K11: =COUNTIFS('Soporte SRY'!$A$4:$A$2163,"SRY-4-3",'Soporte SRY'!$Q$4:$Q$2163,"Satisfactorio")/$E$13 -> 0.58333333 | L11: =IF(K11>=$E$12,"Cumple incluso con rendimiento alto",IF(J11>=$E$12,"Cumple con rendimiento base",IF(I11>=$E$12,"Cumple solo con rendimiento bajo","No cumple la meta"))) -> Cumple solo con rendimiento bajo
A12: C5 | B12: 10 | D12: Fiabilidad objetivo | E12: 0.9 | H12: =B12 -> 10 | I12: =COUNTIFS('Soporte SRY'!$A$4:$A$2163,"SRY-5-1",'Soporte SRY'!$Q$4:$Q$2163,"Satisfactorio")/$E$13 -> 1 | J12: =COUNTIFS('Soporte SRY'!$A$4:$A$2163,"SRY-5-2",'Soporte SRY'!$Q$4:$Q$2163,"Satisfactorio")/$E$13 -> 0.975 | K12: =COUNTIFS('Soporte SRY'!$A$4:$A$2163,"SRY-5-3",'Soporte SRY'!$Q$4:$Q$2163,"Satisfactorio")/$E$13 -> 0.725 | L12: =IF(K12>=$E$12,"Cumple incluso con rendimiento alto",IF(J12>=$E$12,"Cumple con rendimiento base",IF(I12>=$E$12,"Cumple solo con rendimiento bajo","No cumple la meta"))) -> Cumple con rendimiento base
A13: C6 | B13: 15 | D13: Periodos en curvas SRY | E13: 120 | H13: =B13 -> 15 | I13: =COUNTIFS('Soporte SRY'!$A$4:$A$2163,"SRY-6-1",'Soporte SRY'!$Q$4:$Q$2163,"Satisfactorio")/$E$13 -> 1 | J13: =COUNTIFS('Soporte SRY'!$A$4:$A$2163,"SRY-6-2",'Soporte SRY'!$Q$4:$Q$2163,"Satisfactorio")/$E$13 -> 0.98333333 | K13: =COUNTIFS('Soporte SRY'!$A$4:$A$2163,"SRY-6-3",'Soporte SRY'!$Q$4:$Q$2163,"Satisfactorio")/$E$13 -> 0.84166667 | L13: =IF(K13>=$E$12,"Cumple incluso con rendimiento alto",IF(J13>=$E$12,"Cumple con rendimiento base",IF(I13>=$E$12,"Cumple solo con rendimiento bajo","No cumple la meta"))) -> Cumple con rendimiento base
A14: Configuración evaluada | B14: Uso variable
A16: Curva SRY: para cada capacidad se repite el balance, se identifican fallas y se calcula R = 1 − Nf/N. La comparación didáctica usa 120 meses consecutivos; para un estudio técnico debe ampliarse a toda la serie validada. Los tres factores representan niveles de demanda/rendimiento.
A21: RESUMEN DETALLADO DE 18 ALTERNATIVAS
A22: ID | B22: Capacidad (m³) | C22: Factor demanda | D22: Fiabilidad | E22: Déficit total (m³) | F22: Vulnerabilidad media (m³/evento) | G22: Duración media (periodos) | H22: Resiliencia | I22: Rebose (m³) | K22: COMPARACIÓN DE CONFIGURACIONES
A23: ="SRY-1-1" -> SRY-1-1 | B23: =$B$8 -> 1 | C23: =$E$8 -> 0.75 | D23: =COUNTIFS('Soporte SRY'!$A$4:$A$2163,A23,'Soporte SRY'!$Q$4:$Q$2163,"Satisfactorio")/$E$13 -> 0.98333333 | E23: =SUMIF('Soporte SRY'!$A$4:$A$2163,A23,'Soporte SRY'!$P$4:$P$2163) -> 0.786005 | F23: =IF(SUMIF('Soporte SRY'!$A$4:$A$2163,A23,'Soporte SRY'!$S$4:$S$2163)=0,0,E23/SUMIF('Soporte SRY'!$A$4:$A$2163,A23,'Soporte SRY'!$S$4:$S$2163)) -> 0.3930025 | G23: =IF(SUMIF('Soporte SRY'!$A$4:$A$2163,A23,'Soporte SRY'!$S$4:$S$2163)=0,0,COUNTIFS('Soporte SRY'!$A$4:$A$2163,A23,'Soporte SRY'!$Q$4:$Q$2163,"Falla")/SUMIF('Soporte SRY'!$A$4:$A$2163,A23,'Soporte SRY'!$S$4:$S$2163)) -> 1 | H23: =IF(COUNTIFS('Soporte SRY'!$A$4:$A$2163,A23,'Soporte SRY'!$Q$4:$Q$2163,"Falla")=0,1,SUMIF('Soporte SRY'!$A$4:$A$2163,A23,'Soporte SRY'!$R$4:$R$2163)/COUNTIFS('Soporte SRY'!$A$4:$A$2163,A23,'Soporte SRY'!$Q$4:$Q$2163,"Falla")) -> 1 | I23: =SUMIF('Soporte SRY'!$A$4:$A$2163,A23,'Soporte SRY'!$O$4:$O$2163) -> 1131.2662 | K23: Configuración | L23: Fiabilidad | M23: Déficit (m³) | N23: Rebose (m³) | O23: Lectura
A24: ="SRY-1-2" -> SRY-1-2 | B24: =$B$8 -> 1 | C24: =$E$9 -> 1 | D24: =COUNTIFS('Soporte SRY'!$A$4:$A$2163,A24,'Soporte SRY'!$Q$4:$Q$2163,"Satisfactorio")/$E$13 -> 0.64166667 | E24: =SUMIF('Soporte SRY'!$A$4:$A$2163,A24,'Soporte SRY'!$P$4:$P$2163) -> 99.332265 | F24: =IF(SUMIF('Soporte SRY'!$A$4:$A$2163,A24,'Soporte SRY'!$S$4:$S$2163)=0,0,E24/SUMIF('Soporte SRY'!$A$4:$A$2163,A24,'Soporte SRY'!$S$4:$S$2163)) -> 4.9666132 | G24: =IF(SUMIF('Soporte SRY'!$A$4:$A$2163,A24,'Soporte SRY'!$S$4:$S$2163)=0,0,COUNTIFS('Soporte SRY'!$A$4:$A$2163,A24,'Soporte SRY'!$Q$4:$Q$2163,"Falla")/SUMIF('Soporte SRY'!$A$4:$A$2163,A24,'Soporte SRY'!$S$4:$S$2163)) -> 2.15 | H24: =IF(COUNTIFS('Soporte SRY'!$A$4:$A$2163,A24,'Soporte SRY'!$Q$4:$Q$2163,"Falla")=0,1,SUMIF('Soporte SRY'!$A$4:$A$2163,A24,'Soporte SRY'!$R$4:$R$2163)/COUNTIFS('Soporte SRY'!$A$4:$A$2163,A24,'Soporte SRY'!$Q$4:$Q$2163,"Falla")) -> 0.44186047 | I24: =SUMIF('Soporte SRY'!$A$4:$A$2163,A24,'Soporte SRY'!$O$4:$O$2163) -> 819.12267 | K24: Uso único | L24: =COUNTIFS('Soporte SRY'!$A$2164:$A$2643,"CFG-1",'Soporte SRY'!$Q$2164:$Q$2643,"Satisfactorio")/$E$13 -> 1 | M24: =SUMIF('Soporte SRY'!$A$2164:$A$2643,"CFG-1",'Soporte SRY'!$P$2164:$P$2643) -> 0 | N24: =SUMIF('Soporte SRY'!$A$2164:$A$2643,"CFG-1",'Soporte SRY'!$O$2164:$O$2643) -> 1394.3717 | O24: =IF(L24>=$E$12,"Cumple la meta","Requiere ajuste") -> Cumple la meta
A25: ="SRY-1-3" -> SRY-1-3 | B25: =$B$8 -> 1 | C25: =$E$10 -> 1.25 | D25: =COUNTIFS('Soporte SRY'!$A$4:$A$2163,A25,'Soporte SRY'!$Q$4:$Q$2163,"Satisfactorio")/$E$13 -> 0.55 | E25: =SUMIF('Soporte SRY'!$A$4:$A$2163,A25,'Soporte SRY'!$P$4:$P$2163) -> 302.46753 | F25: =IF(SUMIF('Soporte SRY'!$A$4:$A$2163,A25,'Soporte SRY'!$S$4:$S$2163)=0,0,E25/SUMIF('Soporte SRY'!$A$4:$A$2163,A25,'Soporte SRY'!$S$4:$S$2163)) -> 14.403216 | G25: =IF(SUMIF('Soporte SRY'!$A$4:$A$2163,A25,'Soporte SRY'!$S$4:$S$2163)=0,0,COUNTIFS('Soporte SRY'!$A$4:$A$2163,A25,'Soporte SRY'!$Q$4:$Q$2163,"Falla")/SUMIF('Soporte SRY'!$A$4:$A$2163,A25,'Soporte SRY'!$S$4:$S$2163)) -> 2.5714286 | H25: =IF(COUNTIFS('Soporte SRY'!$A$4:$A$2163,A25,'Soporte SRY'!$Q$4:$Q$2163,"Falla")=0,1,SUMIF('Soporte SRY'!$A$4:$A$2163,A25,'Soporte SRY'!$R$4:$R$2163)/COUNTIFS('Soporte SRY'!$A$4:$A$2163,A25,'Soporte SRY'!$Q$4:$Q$2163,"Falla")) -> 0.37037037 | I25: =SUMIF('Soporte SRY'!$A$4:$A$2163,A25,'Soporte SRY'!$O$4:$O$2163) -> 609.93476 | K25: Uso múltiple | L25: =COUNTIFS('Soporte SRY'!$A$2164:$A$2643,"CFG-2",'Soporte SRY'!$Q$2164:$Q$2643,"Satisfactorio")/$E$13 -> 0.99166667 | M25: =SUMIF('Soporte SRY'!$A$2164:$A$2643,"CFG-2",'Soporte SRY'!$P$2164:$P$2643) -> 1.15504 | N25: =SUMIF('Soporte SRY'!$A$2164:$A$2643,"CFG-2",'Soporte SRY'!$O$2164:$O$2643) -> 707.2006 | O25: =IF(L25>=$E$12,"Cumple la meta","Requiere ajuste") -> Cumple la meta
A26: ="SRY-2-1" -> SRY-2-1 | B26: =$B$9 -> 2 | C26: =$E$8 -> 0.75 | D26: =COUNTIFS('Soporte SRY'!$A$4:$A$2163,A26,'Soporte SRY'!$Q$4:$Q$2163,"Satisfactorio")/$E$13 -> 1 | E26: =SUMIF('Soporte SRY'!$A$4:$A$2163,A26,'Soporte SRY'!$P$4:$P$2163) -> 0 | F26: =IF(SUMIF('Soporte SRY'!$A$4:$A$2163,A26,'Soporte SRY'!$S$4:$S$2163)=0,0,E26/SUMIF('Soporte SRY'!$A$4:$A$2163,A26,'Soporte SRY'!$S$4:$S$2163)) -> 0 | G26: =IF(SUMIF('Soporte SRY'!$A$4:$A$2163,A26,'Soporte SRY'!$S$4:$S$2163)=0,0,COUNTIFS('Soporte SRY'!$A$4:$A$2163,A26,'Soporte SRY'!$Q$4:$Q$2163,"Falla")/SUMIF('Soporte SRY'!$A$4:$A$2163,A26,'Soporte SRY'!$S$4:$S$2163)) -> 0 | H26: =IF(COUNTIFS('Soporte SRY'!$A$4:$A$2163,A26,'Soporte SRY'!$Q$4:$Q$2163,"Falla")=0,1,SUMIF('Soporte SRY'!$A$4:$A$2163,A26,'Soporte SRY'!$R$4:$R$2163)/COUNTIFS('Soporte SRY'!$A$4:$A$2163,A26,'Soporte SRY'!$Q$4:$Q$2163,"Falla")) -> 1 | I26: =SUMIF('Soporte SRY'!$A$4:$A$2163,A26,'Soporte SRY'!$O$4:$O$2163) -> 1127.1534 | K26: Uso prioritario | L26: =COUNTIFS('Soporte SRY'!$A$2164:$A$2643,"CFG-3",'Soporte SRY'!$Q$2164:$Q$2643,"Satisfactorio")/$E$13 -> 1 | M26: =SUMIF('Soporte SRY'!$A$2164:$A$2643,"CFG-3",'Soporte SRY'!$P$2164:$P$2643) -> 0 | N26: =SUMIF('Soporte SRY'!$A$2164:$A$2643,"CFG-3",'Soporte SRY'!$O$2164:$O$2643) -> 1154.4117 | O26: =IF(L26>=$E$12,"Cumple la meta","Requiere ajuste") -> Cumple la meta
A27: ="SRY-2-2" -> SRY-2-2 | B27: =$B$9 -> 2 | C27: =$E$9 -> 1 | D27: =COUNTIFS('Soporte SRY'!$A$4:$A$2163,A27,'Soporte SRY'!$Q$4:$Q$2163,"Satisfactorio")/$E$13 -> 0.675 | E27: =SUMIF('Soporte SRY'!$A$4:$A$2163,A27,'Soporte SRY'!$P$4:$P$2163) -> 80.823127 | F27: =IF(SUMIF('Soporte SRY'!$A$4:$A$2163,A27,'Soporte SRY'!$S$4:$S$2163)=0,0,E27/SUMIF('Soporte SRY'!$A$4:$A$2163,A27,'Soporte SRY'!$S$4:$S$2163)) -> 4.0411564 | G27: =IF(SUMIF('Soporte SRY'!$A$4:$A$2163,A27,'Soporte SRY'!$S$4:$S$2163)=0,0,COUNTIFS('Soporte SRY'!$A$4:$A$2163,A27,'Soporte SRY'!$Q$4:$Q$2163,"Falla")/SUMIF('Soporte SRY'!$A$4:$A$2163,A27,'Soporte SRY'!$S$4:$S$2163)) -> 1.95 | H27: =IF(COUNTIFS('Soporte SRY'!$A$4:$A$2163,A27,'Soporte SRY'!$Q$4:$Q$2163,"Falla")=0,1,SUMIF('Soporte SRY'!$A$4:$A$2163,A27,'Soporte SRY'!$R$4:$R$2163)/COUNTIFS('Soporte SRY'!$A$4:$A$2163,A27,'Soporte SRY'!$Q$4:$Q$2163,"Falla")) -> 0.48717949 | I27: =SUMIF('Soporte SRY'!$A$4:$A$2163,A27,'Soporte SRY'!$O$4:$O$2163) -> 799.04386 | K27: Uso variable | L27: =COUNTIFS('Soporte SRY'!$A$2164:$A$2643,"CFG-4",'Soporte SRY'!$Q$2164:$Q$2643,"Satisfactorio")/$E$13 -> 0.85 | M27: =SUMIF('Soporte SRY'!$A$2164:$A$2643,"CFG-4",'Soporte SRY'!$P$2164:$P$2643) -> 35.255768 | N27: =SUMIF('Soporte SRY'!$A$2164:$A$2643,"CFG-4",'Soporte SRY'!$O$2164:$O$2643) -> 745.86763 | O27: =IF(L27>=$E$12,"Cumple la meta","Requiere ajuste") -> Requiere ajuste
A28: ="SRY-2-3" -> SRY-2-3 | B28: =$B$9 -> 2 | C28: =$E$10 -> 1.25 | D28: =COUNTIFS('Soporte SRY'!$A$4:$A$2163,A28,'Soporte SRY'!$Q$4:$Q$2163,"Satisfactorio")/$E$13 -> 0.55 | E28: =SUMIF('Soporte SRY'!$A$4:$A$2163,A28,'Soporte SRY'!$P$4:$P$2163) -> 282.90673 | F28: =IF(SUMIF('Soporte SRY'!$A$4:$A$2163,A28,'Soporte SRY'!$S$4:$S$2163)=0,0,E28/SUMIF('Soporte SRY'!$A$4:$A$2163,A28,'Soporte SRY'!$S$4:$S$2163)) -> 13.471749 | G28: =IF(SUMIF('Soporte SRY'!$A$4:$A$2163,A28,'Soporte SRY'!$S$4:$S$2163)=0,0,COUNTIFS('Soporte SRY'!$A$4:$A$2163,A28,'Soporte SRY'!$Q$4:$Q$2163,"Falla")/SUMIF('Soporte SRY'!$A$4:$A$2163,A28,'Soporte SRY'!$S$4:$S$2163)) -> 2.5714286 | H28: =IF(COUNTIFS('Soporte SRY'!$A$4:$A$2163,A28,'Soporte SRY'!$Q$4:$Q$2163,"Falla")=0,1,SUMIF('Soporte SRY'!$A$4:$A$2163,A28,'Soporte SRY'!$R$4:$R$2163)/COUNTIFS('Soporte SRY'!$A$4:$A$2163,A28,'Soporte SRY'!$Q$4:$Q$2163,"Falla")) -> 0.37037037 | I28: =SUMIF('Soporte SRY'!$A$4:$A$2163,A28,'Soporte SRY'!$O$4:$O$2163) -> 589.10915
A29: ="SRY-3-1" -> SRY-3-1 | B29: =$B$10 -> 3 | C29: =$E$8 -> 0.75 | D29: =COUNTIFS('Soporte SRY'!$A$4:$A$2163,A29,'Soporte SRY'!$Q$4:$Q$2163,"Satisfactorio")/$E$13 -> 1 | E29: =SUMIF('Soporte SRY'!$A$4:$A$2163,A29,'Soporte SRY'!$P$4:$P$2163) -> 0 | F29: =IF(SUMIF('Soporte SRY'!$A$4:$A$2163,A29,'Soporte SRY'!$S$4:$S$2163)=0,0,E29/SUMIF('Soporte SRY'!$A$4:$A$2163,A29,'Soporte SRY'!$S$4:$S$2163)) -> 0 | G29: =IF(SUMIF('Soporte SRY'!$A$4:$A$2163,A29,'Soporte SRY'!$S$4:$S$2163)=0,0,COUNTIFS('Soporte SRY'!$A$4:$A$2163,A29,'Soporte SRY'!$Q$4:$Q$2163,"Falla")/SUMIF('Soporte SRY'!$A$4:$A$2163,A29,'Soporte SRY'!$S$4:$S$2163)) -> 0 | H29: =IF(COUNTIFS('Soporte SRY'!$A$4:$A$2163,A29,'Soporte SRY'!$Q$4:$Q$2163,"Falla")=0,1,SUMIF('Soporte SRY'!$A$4:$A$2163,A29,'Soporte SRY'!$R$4:$R$2163)/COUNTIFS('Soporte SRY'!$A$4:$A$2163,A29,'Soporte SRY'!$Q$4:$Q$2163,"Falla")) -> 1 | I29: =SUMIF('Soporte SRY'!$A$4:$A$2163,A29,'Soporte SRY'!$O$4:$O$2163) -> 1123.801
A30: ="SRY-3-2" -> SRY-3-2 | B30: =$B$10 -> 3 | C30: =$E$9 -> 1 | D30: =COUNTIFS('Soporte SRY'!$A$4:$A$2163,A30,'Soporte SRY'!$Q$4:$Q$2163,"Satisfactorio")/$E$13 -> 0.725 | E30: =SUMIF('Soporte SRY'!$A$4:$A$2163,A30,'Soporte SRY'!$P$4:$P$2163) -> 63.554431 | F30: =IF(SUMIF('Soporte SRY'!$A$4:$A$2163,A30,'Soporte SRY'!$S$4:$S$2163)=0,0,E30/SUMIF('Soporte SRY'!$A$4:$A$2163,A30,'Soporte SRY'!$S$4:$S$2163)) -> 3.5308017 | G30: =IF(SUMIF('Soporte SRY'!$A$4:$A$2163,A30,'Soporte SRY'!$S$4:$S$2163)=0,0,COUNTIFS('Soporte SRY'!$A$4:$A$2163,A30,'Soporte SRY'!$Q$4:$Q$2163,"Falla")/SUMIF('Soporte SRY'!$A$4:$A$2163,A30,'Soporte SRY'!$S$4:$S$2163)) -> 1.8333333 | H30: =IF(COUNTIFS('Soporte SRY'!$A$4:$A$2163,A30,'Soporte SRY'!$Q$4:$Q$2163,"Falla")=0,1,SUMIF('Soporte SRY'!$A$4:$A$2163,A30,'Soporte SRY'!$R$4:$R$2163)/COUNTIFS('Soporte SRY'!$A$4:$A$2163,A30,'Soporte SRY'!$Q$4:$Q$2163,"Falla")) -> 0.54545455 | I30: =SUMIF('Soporte SRY'!$A$4:$A$2163,A30,'Soporte SRY'!$O$4:$O$2163) -> 779.71217
A31: ="SRY-3-3" -> SRY-3-3 | B31: =$B$10 -> 3 | C31: =$E$10 -> 1.25 | D31: =COUNTIFS('Soporte SRY'!$A$4:$A$2163,A31,'Soporte SRY'!$Q$4:$Q$2163,"Satisfactorio")/$E$13 -> 0.55 | E31: =SUMIF('Soporte SRY'!$A$4:$A$2163,A31,'Soporte SRY'!$P$4:$P$2163) -> 263.34593 | F31: =IF(SUMIF('Soporte SRY'!$A$4:$A$2163,A31,'Soporte SRY'!$S$4:$S$2163)=0,0,E31/SUMIF('Soporte SRY'!$A$4:$A$2163,A31,'Soporte SRY'!$S$4:$S$2163)) -> 12.540283 | G31: =IF(SUMIF('Soporte SRY'!$A$4:$A$2163,A31,'Soporte SRY'!$S$4:$S$2163)=0,0,COUNTIFS('Soporte SRY'!$A$4:$A$2163,A31,'Soporte SRY'!$Q$4:$Q$2163,"Falla")/SUMIF('Soporte SRY'!$A$4:$A$2163,A31,'Soporte SRY'!$S$4:$S$2163)) -> 2.5714286 | H31: =IF(COUNTIFS('Soporte SRY'!$A$4:$A$2163,A31,'Soporte SRY'!$Q$4:$Q$2163,"Falla")=0,1,SUMIF('Soporte SRY'!$A$4:$A$2163,A31,'Soporte SRY'!$R$4:$R$2163)/COUNTIFS('Soporte SRY'!$A$4:$A$2163,A31,'Soporte SRY'!$Q$4:$Q$2163,"Falla")) -> 0.37037037 | I31: =SUMIF('Soporte SRY'!$A$4:$A$2163,A31,'Soporte SRY'!$O$4:$O$2163) -> 568.34233
A32: ="SRY-4-1" -> SRY-4-1 | B32: =$B$11 -> 5 | C32: =$E$8 -> 0.75 | D32: =COUNTIFS('Soporte SRY'!$A$4:$A$2163,A32,'Soporte SRY'!$Q$4:$Q$2163,"Satisfactorio")/$E$13 -> 1 | E32: =SUMIF('Soporte SRY'!$A$4:$A$2163,A32,'Soporte SRY'!$P$4:$P$2163) -> 0 | F32: =IF(SUMIF('Soporte SRY'!$A$4:$A$2163,A32,'Soporte SRY'!$S$4:$S$2163)=0,0,E32/SUMIF('Soporte SRY'!$A$4:$A$2163,A32,'Soporte SRY'!$S$4:$S$2163)) -> 0 | G32: =IF(SUMIF('Soporte SRY'!$A$4:$A$2163,A32,'Soporte SRY'!$S$4:$S$2163)=0,0,COUNTIFS('Soporte SRY'!$A$4:$A$2163,A32,'Soporte SRY'!$Q$4:$Q$2163,"Falla")/SUMIF('Soporte SRY'!$A$4:$A$2163,A32,'Soporte SRY'!$S$4:$S$2163)) -> 0 | H32: =IF(COUNTIFS('Soporte SRY'!$A$4:$A$2163,A32,'Soporte SRY'!$Q$4:$Q$2163,"Falla")=0,1,SUMIF('Soporte SRY'!$A$4:$A$2163,A32,'Soporte SRY'!$R$4:$R$2163)/COUNTIFS('Soporte SRY'!$A$4:$A$2163,A32,'Soporte SRY'!$Q$4:$Q$2163,"Falla")) -> 1 | I32: =SUMIF('Soporte SRY'!$A$4:$A$2163,A32,'Soporte SRY'!$O$4:$O$2163) -> 1117.1329
A33: ="SRY-4-2" -> SRY-4-2 | B33: =$B$11 -> 5 | C33: =$E$9 -> 1 | D33: =COUNTIFS('Soporte SRY'!$A$4:$A$2163,A33,'Soporte SRY'!$Q$4:$Q$2163,"Satisfactorio")/$E$13 -> 0.85 | E33: =SUMIF('Soporte SRY'!$A$4:$A$2163,A33,'Soporte SRY'!$P$4:$P$2163) -> 35.255768 | F33: =IF(SUMIF('Soporte SRY'!$A$4:$A$2163,A33,'Soporte SRY'!$S$4:$S$2163)=0,0,E33/SUMIF('Soporte SRY'!$A$4:$A$2163,A33,'Soporte SRY'!$S$4:$S$2163)) -> 2.7119822 | G33: =IF(SUMIF('Soporte SRY'!$A$4:$A$2163,A33,'Soporte SRY'!$S$4:$S$2163)=0,0,COUNTIFS('Soporte SRY'!$A$4:$A$2163,A33,'Soporte SRY'!$Q$4:$Q$2163,"Falla")/SUMIF('Soporte SRY'!$A$4:$A$2163,A33,'Soporte SRY'!$S$4:$S$2163)) -> 1.3846154 | H33: =IF(COUNTIFS('Soporte SRY'!$A$4:$A$2163,A33,'Soporte SRY'!$Q$4:$Q$2163,"Falla")=0,1,SUMIF('Soporte SRY'!$A$4:$A$2163,A33,'Soporte SRY'!$R$4:$R$2163)/COUNTIFS('Soporte SRY'!$A$4:$A$2163,A33,'Soporte SRY'!$Q$4:$Q$2163,"Falla")) -> 0.72222222 | I33: =SUMIF('Soporte SRY'!$A$4:$A$2163,A33,'Soporte SRY'!$O$4:$O$2163) -> 745.86763
A34: ="SRY-4-3" -> SRY-4-3 | B34: =$B$11 -> 5 | C34: =$E$10 -> 1.25 | D34: =COUNTIFS('Soporte SRY'!$A$4:$A$2163,A34,'Soporte SRY'!$Q$4:$Q$2163,"Satisfactorio")/$E$13 -> 0.58333333 | E34: =SUMIF('Soporte SRY'!$A$4:$A$2163,A34,'Soporte SRY'!$P$4:$P$2163) -> 224.28933 | F34: =IF(SUMIF('Soporte SRY'!$A$4:$A$2163,A34,'Soporte SRY'!$S$4:$S$2163)=0,0,E34/SUMIF('Soporte SRY'!$A$4:$A$2163,A34,'Soporte SRY'!$S$4:$S$2163)) -> 10.680444 | G34: =IF(SUMIF('Soporte SRY'!$A$4:$A$2163,A34,'Soporte SRY'!$S$4:$S$2163)=0,0,COUNTIFS('Soporte SRY'!$A$4:$A$2163,A34,'Soporte SRY'!$Q$4:$Q$2163,"Falla")/SUMIF('Soporte SRY'!$A$4:$A$2163,A34,'Soporte SRY'!$S$4:$S$2163)) -> 2.3809524 | H34: =IF(COUNTIFS('Soporte SRY'!$A$4:$A$2163,A34,'Soporte SRY'!$Q$4:$Q$2163,"Falla")=0,1,SUMIF('Soporte SRY'!$A$4:$A$2163,A34,'Soporte SRY'!$R$4:$R$2163)/COUNTIFS('Soporte SRY'!$A$4:$A$2163,A34,'Soporte SRY'!$Q$4:$Q$2163,"Falla")) -> 0.4 | I34: =SUMIF('Soporte SRY'!$A$4:$A$2163,A34,'Soporte SRY'!$O$4:$O$2163) -> 526.82233
A35: ="SRY-5-1" -> SRY-5-1 | B35: =$B$12 -> 10 | C35: =$E$8 -> 0.75 | D35: =COUNTIFS('Soporte SRY'!$A$4:$A$2163,A35,'Soporte SRY'!$Q$4:$Q$2163,"Satisfactorio")/$E$13 -> 1 | E35: =SUMIF('Soporte SRY'!$A$4:$A$2163,A35,'Soporte SRY'!$P$4:$P$2163) -> 0 | F35: =IF(SUMIF('Soporte SRY'!$A$4:$A$2163,A35,'Soporte SRY'!$S$4:$S$2163)=0,0,E35/SUMIF('Soporte SRY'!$A$4:$A$2163,A35,'Soporte SRY'!$S$4:$S$2163)) -> 0 | G35: =IF(SUMIF('Soporte SRY'!$A$4:$A$2163,A35,'Soporte SRY'!$S$4:$S$2163)=0,0,COUNTIFS('Soporte SRY'!$A$4:$A$2163,A35,'Soporte SRY'!$Q$4:$Q$2163,"Falla")/SUMIF('Soporte SRY'!$A$4:$A$2163,A35,'Soporte SRY'!$S$4:$S$2163)) -> 0 | H35: =IF(COUNTIFS('Soporte SRY'!$A$4:$A$2163,A35,'Soporte SRY'!$Q$4:$Q$2163,"Falla")=0,1,SUMIF('Soporte SRY'!$A$4:$A$2163,A35,'Soporte SRY'!$R$4:$R$2163)/COUNTIFS('Soporte SRY'!$A$4:$A$2163,A35,'Soporte SRY'!$Q$4:$Q$2163,"Falla")) -> 1 | I35: =SUMIF('Soporte SRY'!$A$4:$A$2163,A35,'Soporte SRY'!$O$4:$O$2163) -> 1100.4628
A36: ="SRY-5-2" -> SRY-5-2 | B36: =$B$12 -> 10 | C36: =$E$9 -> 1 | D36: =COUNTIFS('Soporte SRY'!$A$4:$A$2163,A36,'Soporte SRY'!$Q$4:$Q$2163,"Satisfactorio")/$E$13 -> 0.975 | E36: =SUMIF('Soporte SRY'!$A$4:$A$2163,A36,'Soporte SRY'!$P$4:$P$2163) -> 5.2875716 | F36: =IF(SUMIF('Soporte SRY'!$A$4:$A$2163,A36,'Soporte SRY'!$S$4:$S$2163)=0,0,E36/SUMIF('Soporte SRY'!$A$4:$A$2163,A36,'Soporte SRY'!$S$4:$S$2163)) -> 2.6437858 | G36: =IF(SUMIF('Soporte SRY'!$A$4:$A$2163,A36,'Soporte SRY'!$S$4:$S$2163)=0,0,COUNTIFS('Soporte SRY'!$A$4:$A$2163,A36,'Soporte SRY'!$Q$4:$Q$2163,"Falla")/SUMIF('Soporte SRY'!$A$4:$A$2163,A36,'Soporte SRY'!$S$4:$S$2163)) -> 1.5 | H36: =IF(COUNTIFS('Soporte SRY'!$A$4:$A$2163,A36,'Soporte SRY'!$Q$4:$Q$2163,"Falla")=0,1,SUMIF('Soporte SRY'!$A$4:$A$2163,A36,'Soporte SRY'!$R$4:$R$2163)/COUNTIFS('Soporte SRY'!$A$4:$A$2163,A36,'Soporte SRY'!$Q$4:$Q$2163,"Falla")) -> 0.66666667 | I36: =SUMIF('Soporte SRY'!$A$4:$A$2163,A36,'Soporte SRY'!$O$4:$O$2163) -> 700.68151
A37: ="SRY-5-3" -> SRY-5-3 | B37: =$B$12 -> 10 | C37: =$E$10 -> 1.25 | D37: =COUNTIFS('Soporte SRY'!$A$4:$A$2163,A37,'Soporte SRY'!$Q$4:$Q$2163,"Satisfactorio")/$E$13 -> 0.725 | E37: =SUMIF('Soporte SRY'!$A$4:$A$2163,A37,'Soporte SRY'!$P$4:$P$2163) -> 132.02849 | F37: =IF(SUMIF('Soporte SRY'!$A$4:$A$2163,A37,'Soporte SRY'!$S$4:$S$2163)=0,0,E37/SUMIF('Soporte SRY'!$A$4:$A$2163,A37,'Soporte SRY'!$S$4:$S$2163)) -> 6.9488677 | G37: =IF(SUMIF('Soporte SRY'!$A$4:$A$2163,A37,'Soporte SRY'!$S$4:$S$2163)=0,0,COUNTIFS('Soporte SRY'!$A$4:$A$2163,A37,'Soporte SRY'!$Q$4:$Q$2163,"Falla")/SUMIF('Soporte SRY'!$A$4:$A$2163,A37,'Soporte SRY'!$S$4:$S$2163)) -> 1.7368421 | H37: =IF(COUNTIFS('Soporte SRY'!$A$4:$A$2163,A37,'Soporte SRY'!$Q$4:$Q$2163,"Falla")=0,1,SUMIF('Soporte SRY'!$A$4:$A$2163,A37,'Soporte SRY'!$R$4:$R$2163)/COUNTIFS('Soporte SRY'!$A$4:$A$2163,A37,'Soporte SRY'!$Q$4:$Q$2163,"Falla")) -> 0.57575758 | I37: =SUMIF('Soporte SRY'!$A$4:$A$2163,A37,'Soporte SRY'!$O$4:$O$2163) -> 424.3438
A38: ="SRY-6-1" -> SRY-6-1 | B38: =$B$13 -> 15 | C38: =$E$8 -> 0.75 | D38: =COUNTIFS('Soporte SRY'!$A$4:$A$2163,A38,'Soporte SRY'!$Q$4:$Q$2163,"Satisfactorio")/$E$13 -> 1 | E38: =SUMIF('Soporte SRY'!$A$4:$A$2163,A38,'Soporte SRY'!$P$4:$P$2163) -> 0 | F38: =IF(SUMIF('Soporte SRY'!$A$4:$A$2163,A38,'Soporte SRY'!$S$4:$S$2163)=0,0,E38/SUMIF('Soporte SRY'!$A$4:$A$2163,A38,'Soporte SRY'!$S$4:$S$2163)) -> 0 | G38: =IF(SUMIF('Soporte SRY'!$A$4:$A$2163,A38,'Soporte SRY'!$S$4:$S$2163)=0,0,COUNTIFS('Soporte SRY'!$A$4:$A$2163,A38,'Soporte SRY'!$Q$4:$Q$2163,"Falla")/SUMIF('Soporte SRY'!$A$4:$A$2163,A38,'Soporte SRY'!$S$4:$S$2163)) -> 0 | H38: =IF(COUNTIFS('Soporte SRY'!$A$4:$A$2163,A38,'Soporte SRY'!$Q$4:$Q$2163,"Falla")=0,1,SUMIF('Soporte SRY'!$A$4:$A$2163,A38,'Soporte SRY'!$R$4:$R$2163)/COUNTIFS('Soporte SRY'!$A$4:$A$2163,A38,'Soporte SRY'!$Q$4:$Q$2163,"Falla")) -> 1 | I38: =SUMIF('Soporte SRY'!$A$4:$A$2163,A38,'Soporte SRY'!$O$4:$O$2163) -> 1083.8625
A39: ="SRY-6-2" -> SRY-6-2 | B39: =$B$13 -> 15 | C39: =$E$9 -> 1 | D39: =COUNTIFS('Soporte SRY'!$A$4:$A$2163,A39,'Soporte SRY'!$Q$4:$Q$2163,"Satisfactorio")/$E$13 -> 0.98333333 | E39: =SUMIF('Soporte SRY'!$A$4:$A$2163,A39,'Soporte SRY'!$P$4:$P$2163) -> 5.0670275 | F39: =IF(SUMIF('Soporte SRY'!$A$4:$A$2163,A39,'Soporte SRY'!$S$4:$S$2163)=0,0,E39/SUMIF('Soporte SRY'!$A$4:$A$2163,A39,'Soporte SRY'!$S$4:$S$2163)) -> 5.0670275 | G39: =IF(SUMIF('Soporte SRY'!$A$4:$A$2163,A39,'Soporte SRY'!$S$4:$S$2163)=0,0,COUNTIFS('Soporte SRY'!$A$4:$A$2163,A39,'Soporte SRY'!$Q$4:$Q$2163,"Falla")/SUMIF('Soporte SRY'!$A$4:$A$2163,A39,'Soporte SRY'!$S$4:$S$2163)) -> 2 | H39: =IF(COUNTIFS('Soporte SRY'!$A$4:$A$2163,A39,'Soporte SRY'!$Q$4:$Q$2163,"Falla")=0,1,SUMIF('Soporte SRY'!$A$4:$A$2163,A39,'Soporte SRY'!$R$4:$R$2163)/COUNTIFS('Soporte SRY'!$A$4:$A$2163,A39,'Soporte SRY'!$Q$4:$Q$2163,"Falla")) -> 0.5 | I39: =SUMIF('Soporte SRY'!$A$4:$A$2163,A39,'Soporte SRY'!$O$4:$O$2163) -> 684.18173
A40: ="SRY-6-3" -> SRY-6-3 | B40: =$B$13 -> 15 | C40: =$E$10 -> 1.25 | D40: =COUNTIFS('Soporte SRY'!$A$4:$A$2163,A40,'Soporte SRY'!$Q$4:$Q$2163,"Satisfactorio")/$E$13 -> 0.84166667 | E40: =SUMIF('Soporte SRY'!$A$4:$A$2163,A40,'Soporte SRY'!$P$4:$P$2163) -> 58.898985 | F40: =IF(SUMIF('Soporte SRY'!$A$4:$A$2163,A40,'Soporte SRY'!$S$4:$S$2163)=0,0,E40/SUMIF('Soporte SRY'!$A$4:$A$2163,A40,'Soporte SRY'!$S$4:$S$2163)) -> 4.5306912 | G40: =IF(SUMIF('Soporte SRY'!$A$4:$A$2163,A40,'Soporte SRY'!$S$4:$S$2163)=0,0,COUNTIFS('Soporte SRY'!$A$4:$A$2163,A40,'Soporte SRY'!$Q$4:$Q$2163,"Falla")/SUMIF('Soporte SRY'!$A$4:$A$2163,A40,'Soporte SRY'!$S$4:$S$2163)) -> 1.4615385 | H40: =IF(COUNTIFS('Soporte SRY'!$A$4:$A$2163,A40,'Soporte SRY'!$Q$4:$Q$2163,"Falla")=0,1,SUMIF('Soporte SRY'!$A$4:$A$2163,A40,'Soporte SRY'!$R$4:$R$2163)/COUNTIFS('Soporte SRY'!$A$4:$A$2163,A40,'Soporte SRY'!$Q$4:$Q$2163,"Falla")) -> 0.68421053 | I40: =SUMIF('Soporte SRY'!$A$4:$A$2163,A40,'Soporte SRY'!$O$4:$O$2163) -> 338.64463
K45: Producto del aprendiz: seleccione una alternativa justificando capacidad, nivel de rendimiento, fiabilidad, resiliencia, vulnerabilidad, rebose y configuración de uso. Señale las limitaciones de la serie de precipitación y del criterio de servicio adoptado.

Sheet Soporte SRY
A1: SOPORTE DE CÁLCULO · SIMULACIONES SRY
A2: Hoja técnica auditable. Cada bloque repite el balance mensual para una combinación de capacidad, rendimiento o configuración. No modifique las fórmulas; ajuste los controles en Curvas SRY o los datos de entrada en Hoja 4.
A3: ID alternativa | B3: Capacidad (m³) | C3: Factor demanda | D3: Configuración | E3: Periodo | F3: Fecha | G3: Entrada (m³) | H3: Demanda base | I3: Demanda ajustada | J3: Almac. inicial | K3: Pérdidas | L3: Disponible | M3: Suministro | N3: Almac. final | O3: Rebose | P3: Déficit | Q3: Estado | R3: Recuperación | S3: Inicio evento
A4: ="SRY-1-1" -> SRY-1-1 | B4: ='Curvas SRY'!$B$8 -> 1 | C4: ='Curvas SRY'!$E$8 -> 0.75 | D4: ='Curvas SRY'!$B$14 -> Uso variable | E4: =1 -> 1 | F4: ='Hoja 4 - Cálculo'!A25 -> 29587 | G4: ='Hoja 4 - Cálculo'!H25 -> 12.852 | H4: =IF(D4="Uso único",'Hoja 4 - Cálculo'!I25,IF(D4="Uso múltiple",AVERAGE('Hoja 4 - Cálculo'!$I$25:$I$384)+AVERAGE('Hoja 4 - Cálculo'!$J$25:$J$384)+AVERAGE('Hoja 4 - Cálculo'!$K$25:$K$384),IF(D4="Uso prioritario",'Hoja 4 - Cálculo'!I25+'Hoja 4 - Cálculo'!K25,'Hoja 4 - Cálculo'!I25+'Hoja 4 - Cálculo'!J25+'Hoja 4 - Cálculo'!K25))) -> 16 | I4: =H4*C4 -> 12 | J4: =0 -> 0 | K4: =MIN(J4+G4,(J4+G4)*'Hoja 4 - Cálculo'!$B$15) -> 0.25704 | L4: =MAX(0,J4+G4-K4) -> 12.59496 | M4: =MIN(I4,L4) -> 12 | N4: =MIN(B4,MAX(0,L4-M4)) -> 0.59496 | O4: =MAX(0,L4-M4-B4) -> 0 | P4: =MAX(0,I4-M4) -> 0 | Q4: =IF(M4>=I4*'Hoja 4 - Cálculo'!$B$16,"Satisfactorio","Falla") -> Satisfactorio | R4: =0 -> 0 | S4: =IF(Q4="Falla",1,0) -> 0
A5: ="SRY-1-1" -> SRY-1-1 | B5: ='Curvas SRY'!$B$8 -> 1 | C5: ='Curvas SRY'!$E$8 -> 0.75 | D5: ='Curvas SRY'!$B$14 -> Uso variable | E5: =2 -> 2 | F5: ='Hoja 4 - Cálculo'!A26 -> 29618 | G5: ='Hoja 4 - Cálculo'!H26 -> 14.630625 | H5: =IF(D5="Uso único",'Hoja 4 - Cálculo'!I26,IF(D5="Uso múltiple",AVERAGE('Hoja 4 - Cálculo'!$I$25:$I$384)+AVERAGE('Hoja 4 - Cálculo'!$J$25:$J$384)+AVERAGE('Hoja 4 - Cálculo'!$K$25:$K$384),IF(D5="Uso prioritario",'Hoja 4 - Cálculo'!I26+'Hoja 4 - Cálculo'!K26,'Hoja 4 - Cálculo'!I26+'Hoja 4 - Cálculo'!J26+'Hoja 4 - Cálculo'!K26))) -> 16 | I5: =H5*C5 -> 12 | J5: =N4 -> 0.59496 | K5: =MIN(J5+G5,(J5+G5)*'Hoja 4 - Cálculo'!$B$15) -> 0.3045117 | L5: =MAX(0,J5+G5-K5) -> 14.921073 | M5: =MIN(I5,L5) -> 12 | N5: =MIN(B5,MAX(0,L5-M5)) -> 1 | O5: =MAX(0,L5-M5-B5) -> 1.9210733 | P5: =MAX(0,I5-M5) -> 0 | Q5: =IF(M5>=I5*'Hoja 4 - Cálculo'!$B$16,"Satisfactorio","Falla") -> Satisfactorio | R5: =IF(AND(Q4="Falla",Q5="Satisfactorio"),1,0) -> 0 | S5: =IF(AND(Q5="Falla",Q4<>"Falla"),1,0) -> 0
A6: ="SRY-1-1" -> SRY-1-1 | B6: ='Curvas SRY'!$B$8 -> 1 | C6: ='Curvas SRY'!$E$8 -> 0.75 | D6: ='Curvas SRY'!$B$14 -> Uso variable | E6: =3 -> 3 | F6: ='Hoja 4 - Cálculo'!A27 -> 29646 | G6: ='Hoja 4 - Cálculo'!H27 -> 21.114 | H6: =IF(D6="Uso único",'Hoja 4 - Cálculo'!I27,IF(D6="Uso múltiple",AVERAGE('Hoja 4 - Cálculo'!$I$25:$I$384)+AVERAGE('Hoja 4 - Cálculo'!$J$25:$J$384)+AVERAGE('Hoja 4 - Cálculo'!$K$25:$K$384),IF(D6="Uso prioritario",'Hoja 4 - Cálculo'!I27+'Hoja 4 - Cálculo'!K27,'Hoja 4 - Cálculo'!I27+'Hoja 4 - Cálculo'!J27+'Hoja 4 - Cálculo'!K27))) -> 16 | I6: =H6*C6 -> 12 | J6: =N5 -> 1 | K6: =MIN(J6+G6,(J6+G6)*'Hoja 4 - Cálculo'!$B$15) -> 0.44228 | L6: =MAX(0,J6+G6-K6) -> 21.67172 | M6: =MIN(I6,L6) -> 12 | N6: =MIN(B6,MAX(0,L6-M6)) -> 1 | O6: =MAX(0,L6-M6-B6) -> 8.67172 | P6: =MAX(0,I6-M6) -> 0 | Q6: =IF(M6>=I6*'Hoja 4 - Cálculo'!$B$16,"Satisfactorio","Falla") -> Satisfactorio | R6: =IF(AND(Q5="Falla",Q6="Satisfactorio"),1,0) -> 0 | S6: =IF(AND(Q6="Falla",Q5<>"Falla"),1,0) -> 0
A7: ="SRY-1-1" -> SRY-1-1 | B7: ='Curvas SRY'!$B$8 -> 1 | C7: ='Curvas SRY'!$E$8 -> 0.75 | D7: ='Curvas SRY'!$B$14 -> Uso variable | E7: =4 -> 4 | F7: ='Hoja 4 - Cálculo'!A28 -> 29677 | G7: ='Hoja 4 - Cálculo'!H28 -> 29.280375 | H7: =IF(D7="Uso único",'Hoja 4 - Cálculo'!I28,IF(D7="Uso múltiple",AVERAGE('Hoja 4 - Cálculo'!$I$25:$I$384)+AVERAGE('Hoja 4 - Cálculo'!$J$25:$J$384)+AVERAGE('Hoja 4 - Cálculo'!$K$25:$K$384),IF(D7="Uso prioritario",'Hoja 4 - Cálculo'!I28+'Hoja 4 - Cálculo'!K28,'Hoja 4 - Cálculo'!I28+'Hoja 4 - Cálculo'!J28+'Hoja 4 - Cálculo'!K28))) -> 11.5 | I7: =H7*C7 -> 8.625 | J7: =N6 -> 1 | K7: =MIN(J7+G7,(J7+G7)*'Hoja 4 - Cálculo'!$B$15) -> 0.6056075 | L7: =MAX(0,J7+G7-K7) -> 29.674767 | M7: =MIN(I7,L7) -> 8.625 | N7: =MIN(B7,MAX(0,L7-M7)) -> 1 | O7: =MAX(0,L7-M7-B7) -> 20.049767 | P7: =MAX(0,I7-M7) -> 0 | Q7: =IF(M7>=I7*'Hoja 4 - Cálculo'!$B$16,"Satisfactorio","Falla") -> Satisfactorio | R7: =IF(AND(Q6="Falla",Q7="Satisfactorio"),1,0) -> 0 | S7: =IF(AND(Q7="Falla",Q6<>"Falla"),1,0) -> 0
A8: ="SRY-1-1" -> SRY-1-1 | B8: ='Curvas SRY'!$B$8 -> 1 | C8: ='Curvas SRY'!$E$8 -> 0.75 | D8: ='Curvas SRY'!$B$14 -> Uso variable | E8: =5 -> 5 | F8: ='Hoja 4 - Cálculo'!A29 -> 29707 | G8: ='Hoja 4 - Cálculo'!H29 -> 26.04825 | H8: =IF(D8="Uso único",'Hoja 4 - Cálculo'!I29,IF(D8="Uso múltiple",AVERAGE('Hoja 4 - Cálculo'!$I$25:$I$384)+AVERAGE('Hoja 4 - Cálculo'!$J$25:$J$384)+AVERAGE('Hoja 4 - Cálculo'!$K$25:$K$384),IF(D8="Uso prioritario",'Hoja 4 - Cálculo'!I29+'Hoja 4 - Cálculo'!K29,'Hoja 4 - Cálculo'!I29+'Hoja 4 - Cálculo'!J29+'Hoja 4 - Cálculo'!K29))) -> 11.5 | I8: =H8*C8 -> 8.625 | J8: =N7 -> 1 | K8: =MIN(J8+G8,(J8+G8)*'Hoja 4 - Cálculo'!$B$15) -> 0.540965 | L8: =MAX(0,J8+G8-K8) -> 26.507285 | M8: =MIN(I8,L8) -> 8.625 | N8: =MIN(B8,MAX(0,L8-M8)) -> 1 | O8: =MAX(0,L8-M8-B8) -> 16.882285 | P8: =MAX(0,I8-M8) -> 0 | Q8: =IF(M8>=I8*'Hoja 4 - Cálculo'!$B$16,"Satisfactorio","Falla") -> Satisfactorio | R8: =IF(AND(Q7="Falla",Q8="Satisfactorio"),1,0) -> 0 | S8: =IF(AND(Q8="Falla",Q7<>"Falla"),1,0) -> 0
A9: ="SRY-1-1" -> SRY-1-1 | B9: ='Curvas SRY'!$B$8 -> 1 | C9: ='Curvas SRY'!$E$8 -> 0.75 | D9: ='Curvas SRY'!$B$14 -> Uso variable | E9: =6 -> 6 | F9: ='Hoja 4 - Cálculo'!A30 -> 29738 | G9: ='Hoja 4 - Cálculo'!H30 -> 15.625125 | H9: =IF(D9="Uso único",'Hoja 4 - Cálculo'!I30,IF(D9="Uso múltiple",AVERAGE('Hoja 4 - Cálculo'!$I$25:$I$384)+AVERAGE('Hoja 4 - Cálculo'!$J$25:$J$384)+AVERAGE('Hoja 4 - Cálculo'!$K$25:$K$384),IF(D9="Uso prioritario",'Hoja 4 - Cálculo'!I30+'Hoja 4 - Cálculo'!K30,'Hoja 4 - Cálculo'!I30+'Hoja 4 - Cálculo'!J30+'Hoja 4 - Cálculo'!K30))) -> 11.5 | I9: =H9*C9 -> 8.625 | J9: =N8 -> 1 | K9: =MIN(J9+G9,(J9+G9)*'Hoja 4 - Cálculo'!$B$15) -> 0.3325025 | L9: =MAX(0,J9+G9-K9) -> 16.292623 | M9: =MIN(I9,L9) -> 8.625 | N9: =MIN(B9,MAX(0,L9-M9)) -> 1 | O9: =MAX(0,L9-M9-B9) -> 6.6676225 | P9: =MAX(0,I9-M9) -> 0 | Q9: =IF(M9>=I9*'Hoja 4 - Cálculo'!$B$16,"Satisfactorio","Falla") -> Satisfactorio | R9: =IF(AND(Q8="Falla",Q9="Satisfactorio"),1,0) -> 0 | S9: =IF(AND(Q9="Falla",Q8<>"Falla"),1,0) -> 0
A10: ="SRY-1-1" -> SRY-1-1 | B10: ='Curvas SRY'!$B$8 -> 1 | C10: ='Curvas SRY'!$E$8 -> 0.75 | D10: ='Curvas SRY'!$B$14 -> Uso variable | E10: =7 -> 7 | F10: ='Hoja 4 - Cálculo'!A31 -> 29768 | G10: ='Hoja 4 - Cálculo'!H31 -> 12.794625 | H10: =IF(D10="Uso único",'Hoja 4 - Cálculo'!I31,IF(D10="Uso múltiple",AVERAGE('Hoja 4 - Cálculo'!$I$25:$I$384)+AVERAGE('Hoja 4 - Cálculo'!$J$25:$J$384)+AVERAGE('Hoja 4 - Cálculo'!$K$25:$K$384),IF(D10="Uso prioritario",'Hoja 4 - Cálculo'!I31+'Hoja 4 - Cálculo'!K31,'Hoja 4 - Cálculo'!I31+'Hoja 4 - Cálculo'!J31+'Hoja 4 - Cálculo'!K31))) -> 16 | I10: =H10*C10 -> 12 | J10: =N9 -> 1 | K10: =MIN(J10+G10,(J10+G10)*'Hoja 4 - Cálculo'!$B$15) -> 0.2758925 | L10: =MAX(0,J10+G10-K10) -> 13.518733 | M10: =MIN(I10,L10) -> 12 | N10: =MIN(B10,MAX(0,L10-M10)) -> 1 | O10: =MAX(0,L10-M10-B10) -> 0.5187325 | P10: =MAX(0,I10-M10) -> 0 | Q10: =IF(M10>=I10*'Hoja 4 - Cálculo'!$B$16,"Satisfactorio","Falla") -> Satisfactorio | R10: =IF(AND(Q9="Falla",Q10="Satisfactorio"),1,0) -> 0 | S10: =IF(AND(Q10="Falla",Q9<>"Falla"),1,0) -> 0
A11: ="SRY-1-1" -> SRY-1-1 | B11: ='Curvas SRY'!$B$8 -> 1 | C11: ='Curvas SRY'!$E$8 -> 0.75 | D11: ='Curvas SRY'!$B$14 -> Uso variable | E11: =8 -> 8 | F11: ='Hoja 4 - Cálculo'!A32 -> 29799 | G11: ='Hoja 4 - Cálculo'!H32 -> 13.712625 | H11: =IF(D11="Uso único",'Hoja 4 - Cálculo'!I32,IF(D11="Uso múltiple",AVERAGE('Hoja 4 - Cálculo'!$I$25:$I$384)+AVERAGE('Hoja 4 - Cálculo'!$J$25:$J$384)+AVERAGE('Hoja 4 - Cálculo'!$K$25:$K$384),IF(D11="Uso prioritario",'Hoja 4 - Cálculo'!I32+'Hoja 4 - Cálculo'!K32,'Hoja 4 - Cálculo'!I32+'Hoja 4 - Cálculo'!J32+'Hoja 4 - Cálculo'!K32))) -> 16 | I11: =H11*C11 -> 12 | J11: =N10 -> 1 | K11: =MIN(J11+G11,(J11+G11)*'Hoja 4 - Cálculo'!$B$15) -> 0.2942525 | L11: =MAX(0,J11+G11-K11) -> 14.418372 | M11: =MIN(I11,L11) -> 12 | N11: =MIN(B11,MAX(0,L11-M11)) -> 1 | O11: =MAX(0,L11-M11-B11) -> 1.4183725 | P11: =MAX(0,I11-M11) -> 0 | Q11: =IF(M11>=I11*'Hoja 4 - Cálculo'!$B$16,"Satisfactorio","Falla") -> Satisfactorio | R11: =IF(AND(Q10="Falla",Q11="Satisfactorio"),1,0) -> 0 | S11: =IF(AND(Q11="Falla",Q10<>"Falla"),1,0) -> 0
A12: ="SRY-1-1" -> SRY-1-1 | B12: ='Curvas SRY'!$B$8 -> 1 | C12: ='Curvas SRY'!$E$8 -> 0.75 | D12: ='Curvas SRY'!$B$14 -> Uso variable | E12: =9 -> 9 | F12: ='Hoja 4 - Cálculo'!A33 -> 29830 | G12: ='Hoja 4 - Cálculo'!H33 -> 22.07025 | H12: =IF(D12="Uso único",'Hoja 4 - Cálculo'!I33,IF(D12="Uso múltiple",AVERAGE('Hoja 4 - Cálculo'!$I$25:$I$384)+AVERAGE('Hoja 4 - Cálculo'!$J$25:$J$384)+AVERAGE('Hoja 4 - Cálculo'!$K$25:$K$384),IF(D12="Uso prioritario",'Hoja 4 - Cálculo'!I33+'Hoja 4 - Cálculo'!K33,'Hoja 4 - Cálculo'!I33+'Hoja 4 - Cálculo'!J33+'Hoja 4 - Cálculo'!K33))) -> 11.5 | I12: =H12*C12 -> 8.625 | J12: =N11 -> 1 | K12: =MIN(J12+G12,(J12+G12)*'Hoja 4 - Cálculo'!$B$15) -> 0.461405 | L12: =MAX(0,J12+G12-K12) -> 22.608845 | M12: =MIN(I12,L12) -> 8.625 | N12: =MIN(B12,MAX(0,L12-M12)) -> 1 | O12: =MAX(0,L12-M12-B12) -> 12.983845 | P12: =MAX(0,I12-M12) -> 0 | Q12: =IF(M12>=I12*'Hoja 4 - Cálculo'!$B$16,"Satisfactorio","Falla") -> Satisfactorio | R12: =IF(AND(Q11="Falla",Q12="Satisfactorio"),1,0) -> 0 | S12: =IF(AND(Q12="Falla",Q11<>"Falla"),1,0) -> 0
A13: ="SRY-1-1" -> SRY-1-1 | B13: ='Curvas SRY'!$B$8 -> 1 | C13: ='Curvas SRY'!$E$8 -> 0.75 | D13: ='Curvas SRY'!$B$14 -> Uso variable | E13: =10 -> 10 | F13: ='Hoja 4 - Cálculo'!A34 -> 29860 | G13: ='Hoja 4 - Cálculo'!H34 -> 29.777625 | H13: =IF(D13="Uso único",'Hoja 4 - Cálculo'!I34,IF(D13="Uso múltiple",AVERAGE('Hoja 4 - Cálculo'!$I$25:$I$384)+AVERAGE('Hoja 4 - Cálculo'!$J$25:$J$384)+AVERAGE('Hoja 4 - Cálculo'!$K$25:$K$384),IF(D13="Uso prioritario",'Hoja 4 - Cálculo'!I34+'Hoja 4 - Cálculo'!K34,'Hoja 4 - Cálculo'!I34+'Hoja 4 - Cálculo'!J34+'Hoja 4 - Cálculo'!K34))) -> 11.5 | I13: =H13*C13 -> 8.625 | J13: =N12 -> 1 | K13: =MIN(J13+G13,(J13+G13)*'Hoja 4 - Cálculo'!$B$15) -> 0.6155525 | L13: =MAX(0,J13+G13-K13) -> 30.162073 | M13: =MIN(I13,L13) -> 8.625 | N13: =MIN(B13,MAX(0,L13-M13)) -> 1 | O13: =MAX(0,L13-M13-B13) -> 20.537073 | P13: =MAX(0,I13-M13) -> 0 | Q13: =IF(M13>=I13*'Hoja 4 - Cálculo'!$B$16,"Satisfactorio","Falla") -> Satisfactorio | R13: =IF(AND(Q12="Falla",Q13="Satisfactorio"),1,0) -> 0 | S13: =IF(AND(Q13="Falla",Q12<>"Falla"),1,0) -> 0
A14: ="SRY-1-1" -> SRY-1-1 | B14: ='Curvas SRY'!$B$8 -> 1 | C14: ='Curvas SRY'!$E$8 -> 0.75 | D14: ='Curvas SRY'!$B$14 -> Uso variable | E14: =11 -> 11 | F14: ='Hoja 4 - Cálculo'!A35 -> 29891 | G14: ='Hoja 4 - Cálculo'!H35 -> 25.51275 | H14: =IF(D14="Uso único",'Hoja 4 - Cálculo'!I35,IF(D14="Uso múltiple",AVERAGE('Hoja 4 - Cálculo'!$I$25:$I$384)+AVERAGE('Hoja 4 - Cálculo'!$J$25:$J$384)+AVERAGE('Hoja 4 - Cálculo'!$K$25:$K$384),IF(D14="Uso prioritario",'Hoja 4 - Cálculo'!I35+'Hoja 4 - Cálculo'!K35,'Hoja 4 - Cálculo'!I35+'Hoja 4 - Cálculo'!J35+'Hoja 4 - Cálculo'!K35))) -> 11.5 | I14: =H14*C14 -> 8.625 | J14: =N13 -> 1 | K14: =MIN(J14+G14,(J14+G14)*'Hoja 4 - Cálculo'!$B$15) -> 0.530255 | L14: =MAX(0,J14+G14-K14) -> 25.982495 | M14: =MIN(I14,L14) -> 8.625 | N14: =MIN(B14,MAX(0,L14-M14)) -> 1 | O14: =MAX(0,L14-M14-B14) -> 16.357495 | P14: =MAX(0,I14-M14) -> 0 | Q14: =IF(M14>=I14*'Hoja 4 - Cálculo'!$B$16,"Satisfactorio","Falla") -> Satisfactorio | R14: =IF(AND(Q13="Falla",Q14="Satisfactorio"),1,0) -> 0 | S14: =IF(AND(Q14="Falla",Q13<>"Falla"),1,0) -> 0
A15: ="SRY-1-1" -> SRY-1-1 | B15: ='Curvas SRY'!$B$8 -> 1 | C15: ='Curvas SRY'!$E$8 -> 0.75 | D15: ='Curvas SRY'!$B$14 -> Uso variable | E15: =12 -> 12 | F15: ='Hoja 4 - Cálculo'!A36 -> 29921 | G15: ='Hoja 4 - Cálculo'!H36 -> 15.3765 | H15: =IF(D15="Uso único",'Hoja 4 - Cálculo'!I36,IF(D15="Uso múltiple",AVERAGE('Hoja 4 - Cálculo'!$I$25:$I$384)+AVERAGE('Hoja 4 - Cálculo'!$J$25:$J$384)+AVERAGE('Hoja 4 - Cálculo'!$K$25:$K$384),IF(D15="Uso prioritario",'Hoja 4 - Cálculo'!I36+'Hoja 4 - Cálculo'!K36,'Hoja 4 - Cálculo'!I36+'Hoja 4 - Cálculo'!J36+'Hoja 4 - Cálculo'!K36))) -> 16 | I15: =H15*C15 -> 12 | J15: =N14 -> 1 | K15: =MIN(J15+G15,(J15+G15)*'Hoja 4 - Cálculo'!$B$15) -> 0.32753 | L15: =MAX(0,J15+G15-K15) -> 16.04897 | M15: =MIN(I15,L15) -> 12 | N15: =MIN(B15,MAX(0,L15-M15)) -> 1 | O15: =MAX(0,L15-M15-B15) -> 3.04897 | P15: =MAX(0,I15-M15) -> 0 | Q15: =IF(M15>=I15*'Hoja 4 - Cálculo'!$B$16,"Satisfactorio","Falla") -> Satisfactorio | R15: =IF(AND(Q14="Falla",Q15="Satisfactorio"),1,0) -> 0 | S15: =IF(AND(Q15="Falla",Q14<>"Falla"),1,0) -> 0
A16: ="SRY-1-1" -> SRY-1-1 | B16: ='Curvas SRY'!$B$8 -> 1 | C16: ='Curvas SRY'!$E$8 -> 0.75 | D16: ='Curvas SRY'!$B$14 -> Uso variable | E16: =13 -> 13 | F16: ='Hoja 4 - Cálculo'!A37 -> 29952 | G16: ='Hoja 4 - Cálculo'!H37 -> 13.80825 | H16: =IF(D16="Uso único",'Hoja 4 - Cálculo'!I37,IF(D16="Uso múltiple",AVERAGE('Hoja 4 - Cálculo'!$I$25:$I$384)+AVERAGE('Hoja 4 - Cálculo'!$J$25:$J$384)+AVERAGE('Hoja 4 - Cálculo'!$K$25:$K$384),IF(D16="Uso prioritario",'Hoja 4 - Cálculo'!I37+'Hoja 4 - Cálculo'!K37,'Hoja 4 - Cálculo'!I37+'Hoja 4 - Cálculo'!J37+'Hoja 4 - Cálculo'!K37))) -> 16 | I16: =H16*C16 -> 12 | J16: =N15 -> 1 | K16: =MIN(J16+G16,(J16+G16)*'Hoja 4 - Cálculo'!$B$15) -> 0.296165 | L16: =MAX(0,J16+G16-K16) -> 14.512085 | M16: =MIN(I16,L16) -> 12 | N16: =MIN(B16,MAX(0,L16-M16)) -> 1 | O16: =MAX(0,L16-M16-B16) -> 1.512085 | P16: =MAX(0,I16-M16) -> 0 | Q16: =IF(M16>=I16*'Hoja 4 - Cálculo'!$B$16,"Satisfactorio","Falla") -> Satisfactorio | R16: =IF(AND(Q15="Falla",Q16="Satisfactorio"),1,0) -> 0 | S16: =IF(AND(Q16="Falla",Q15<>"Falla"),1,0) -> 0
A17: ="SRY-1-1" -> SRY-1-1 | B17: ='Curvas SRY'!$B$8 -> 1 | C17: ='Curvas SRY'!$E$8 -> 0.75 | D17: ='Curvas SRY'!$B$14 -> Uso variable | E17: =14 -> 14 | F17: ='Hoja 4 - Cálculo'!A38 -> 29983 | G17: ='Hoja 4 - Cálculo'!H38 -> 15.472125 | H17: =IF(D17="Uso único",'Hoja 4 - Cálculo'!I38,IF(D17="Uso múltiple",AVERAGE('Hoja 4 - Cálculo'!$I$25:$I$384)+AVERAGE('Hoja 4 - Cálculo'!$J$25:$J$384)+AVERAGE('Hoja 4 - Cálculo'!$K$25:$K$384),IF(D17="Uso prioritario",'Hoja 4 - Cálculo'!I38+'Hoja 4 - Cálculo'!K38,'Hoja 4 - Cálculo'!I38+'Hoja 4 - Cálculo'!J38+'Hoja 4 - Cálculo'!K38))) -> 16 | I17: =H17*C17 -> 12 | J17: =N16 -> 1 | K17: =MIN(J17+G17,(J17+G17)*'Hoja 4 - Cálculo'!$B$15) -> 0.3294425 | L17: =MAX(0,J17+G17-K17) -> 16.142682 | M17: =MIN(I17,L17) -> 12 | N17: =MIN(B17,MAX(0,L17-M17)) -> 1 | O17: =MAX(0,L17-M17-B17) -> 3.1426825 | P17: =MAX(0,I17-M17) -> 0 | Q17: =IF(M17>=I17*'Hoja 4 - Cálculo'!$B$16,"Satisfactorio","Falla") -> Satisfactorio | R17: =IF(AND(Q16="Falla",Q17="Satisfactorio"),1,0) -> 0 | S17: =IF(AND(Q17="Falla",Q16<>"Falla"),1,0) -> 0
A18: ="SRY-1-1" -> SRY-1-1 | B18: ='Curvas SRY'!$B$8 -> 1 | C18: ='Curvas SRY'!$E$8 -> 0.75 | D18: ='Curvas SRY'!$B$14 -> Uso variable | E18: =15 -> 15 | F18: ='Hoja 4 - Cálculo'!A39 -> 30011 | G18: ='Hoja 4 - Cálculo'!H39 -> 22.338 | H18: =IF(D18="Uso único",'Hoja 4 - Cálculo'!I39,IF(D18="Uso múltiple",AVERAGE('Hoja 4 - Cálculo'!$I$25:$I$384)+AVERAGE('Hoja 4 - Cálculo'!$J$25:$J$384)+AVERAGE('Hoja 4 - Cálculo'!$K$25:$K$384),IF(D18="Uso prioritario",'Hoja 4 - Cálculo'!I39+'Hoja 4 - Cálculo'!K39,'Hoja 4 - Cálculo'!I39+'Hoja 4 - Cálculo'!J39+'Hoja 4 - Cálculo'!K39))) -> 16 | I18: =H18*C18 -> 12 | J18: =N17 -> 1 | K18: =MIN(J18+G18,(J18+G18)*'Hoja 4 - Cálculo'!$B$15) -> 0.46676 | L18: =MAX(0,J18+G18-K18) -> 22.87124 | M18: =MIN(I18,L18) -> 12 | N18: =MIN(B18,MAX(0,L18-M18)) -> 1 | O18: =MAX(0,L18-M18-B18) -> 9.87124 | P18: =MAX(0,I18-M18) -> 0 | Q18: =IF(M18>=I18*'Hoja 4 - Cálculo'!$B$16,"Satisfactorio","Falla") -> Satisfactorio | R18: =IF(AND(Q17="Falla",Q18="Satisfactorio"),1,0) -> 0 | S18: =IF(AND(Q18="Falla",Q17<>"Falla"),1,0) -> 0
A19: ="SRY-1-1" -> SRY-1-1 | B19: ='Curvas SRY'!$B$8 -> 1 | C19: ='Curvas SRY'!$E$8 -> 0.75 | D19: ='Curvas SRY'!$B$14 -> Uso variable | E19: =16 -> 16 | F19: ='Hoja 4 - Cálculo'!A40 -> 30042 | G19: ='Hoja 4 - Cálculo'!H40 -> 31.671 | H19: =IF(D19="Uso único",'Hoja 4 - Cálculo'!I40,IF(D19="Uso múltiple",AVERAGE('Hoja 4 - Cálculo'!$I$25:$I$384)+AVERAGE('Hoja 4 - Cálculo'!$J$25:$J$384)+AVERAGE('Hoja 4 - Cálculo'!$K$25:$K$384),IF(D19="Uso prioritario",'Hoja 4 - Cálculo'!I40+'Hoja 4 - Cálculo'!K40,'Hoja 4 - Cálculo'!I40+'Hoja 4 - Cálculo'!J40+'Hoja 4 - Cálculo'!K40))) -> 11.5 | I19: =H19*C19 -> 8.625 | J19: =N18 -> 1 | K19: =MIN(J19+G19,(J19+G19)*'Hoja 4 - Cálculo'!$B$15) -> 0.65342 | L19: =MAX(0,J19+G19-K19) -> 32.01758 | M19: =MIN(I19,L19) -> 8.625 | N19: =MIN(B19,MAX(0,L19-M19)) -> 1 | O19: =MAX(0,L19-M19-B19) -> 22.39258 | P19: =MAX(0,I19-M19) -> 0 | Q19: =IF(M19>=I19*'Hoja 4 - Cálculo'!$B$16,"Satisfactorio","Falla") -> Satisfactorio | R19: =IF(AND(Q18="Falla",Q19="Satisfactorio"),1,0) -> 0 | S19: =IF(AND(Q19="Falla",Q18<>"Falla"),1,0) -> 0
A20: ="SRY-1-1" -> SRY-1-1 | B20: ='Curvas SRY'!$B$8 -> 1 | C20: ='Curvas SRY'!$E$8 -> 0.75 | D20: ='Curvas SRY'!$B$14 -> Uso variable | E20: =17 -> 17 | F20: ='Hoja 4 - Cálculo'!A41 -> 30072 | G20: ='Hoja 4 - Cálculo'!H41 -> 29.2995 | H20: =IF(D20="Uso único",'Hoja 4 - Cálculo'!I41,IF(D20="Uso múltiple",AVERAGE('Hoja 4 - Cálculo'!$I$25:$I$384)+AVERAGE('Hoja 4 - Cálculo'!$J$25:$J$384)+AVERAGE('Hoja 4 - Cálculo'!$K$25:$K$384),IF(D20="Uso prioritario",'Hoja 4 - Cálculo'!I41+'Hoja 4 - Cálculo'!K41,'Hoja 4 - Cálculo'!I41+'Hoja 4 - Cálculo'!J41+'Hoja 4 - Cálculo'!K41))) -> 11.5 | I20: =H20*C20 -> 8.625 | J20: =N19 -> 1 | K20: =MIN(J20+G20,(J20+G20)*'Hoja 4 - Cálculo'!$B$15) -> 0.60599 | L20: =MAX(0,J20+G20-K20) -> 29.69351 | M20: =MIN(I20,L20) -> 8.625 | N20: =MIN(B20,MAX(0,L20-M20)) -> 1 | O20: =MAX(0,L20-M20-B20) -> 20.06851 | P20: =MAX(0,I20-M20) -> 0 | Q20: =IF(M20>=I20*'Hoja 4 - Cálculo'!$B$16,"Satisfactorio","Falla") -> Satisfactorio | R20: =IF(AND(Q19="Falla",Q20="Satisfactorio"),1,0) -> 0 | S20: =IF(AND(Q20="Falla",Q19<>"Falla"),1,0) -> 0
A21: ="SRY-1-1" -> SRY-1-1 | B21: ='Curvas SRY'!$B$8 -> 1 | C21: ='Curvas SRY'!$E$8 -> 0.75 | D21: ='Curvas SRY'!$B$14 -> Uso variable | E21: =18 -> 18 | F21: ='Hoja 4 - Cálculo'!A42 -> 30103 | G21: ='Hoja 4 - Cálculo'!H42 -> 18.32175 | H21: =IF(D21="Uso único",'Hoja 4 - Cálculo'!I42,IF(D21="Uso múltiple",AVERAGE('Hoja 4 - Cálculo'!$I$25:$I$384)+AVERAGE('Hoja 4 - Cálculo'!$J$25:$J$384)+AVERAGE('Hoja 4 - Cálculo'!$K$25:$K$384),IF(D21="Uso prioritario",'Hoja 4 - Cálculo'!I42+'Hoja 4 - Cálculo'!K42,'Hoja 4 - Cálculo'!I42+'Hoja 4 - Cálculo'!J42+'Hoja 4 - Cálculo'!K42))) -> 11.5 | I21: =H21*C21 -> 8.625 | J21: =N20 -> 1 | K21: =MIN(J21+G21,(J21+G21)*'Hoja 4 - Cálculo'!$B$15) -> 0.386435 | L21: =MAX(0,J21+G21-K21) -> 18.935315 | M21: =MIN(I21,L21) -> 8.625 | N21: =MIN(B21,MAX(0,L21-M21)) -> 1 | O21: =MAX(0,L21-M21-B21) -> 9.310315 | P21: =MAX(0,I21-M21) -> 0 | Q21: =IF(M21>=I21*'Hoja 4 - Cálculo'!$B$16,"Satisfactorio","Falla") -> Satisfactorio | R21: =IF(AND(Q20="Falla",Q21="Satisfactorio"),1,0) -> 0 | S21: =IF(AND(Q21="Falla",Q20<>"Falla"),1,0) -> 0
A22: ="SRY-1-1" -> SRY-1-1 | B22: ='Curvas SRY'!$B$8 -> 1 | C22: ='Curvas SRY'!$E$8 -> 0.75 | D22: ='Curvas SRY'!$B$14 -> Uso variable | E22: =19 -> 19 | F22: ='Hoja 4 - Cálculo'!A43 -> 30133 | G22: ='Hoja 4 - Cálculo'!H43 -> 15.3765 | H22: =IF(D22="Uso único",'Hoja 4 - Cálculo'!I43,IF(D22="Uso múltiple",AVERAGE('Hoja 4 - Cálculo'!$I$25:$I$384)+AVERAGE('Hoja 4 - Cálculo'!$J$25:$J$384)+AVERAGE('Hoja 4 - Cálculo'!$K$25:$K$384),IF(D22="Uso prioritario",'Hoja 4 - Cálculo'!I43+'Hoja 4 - Cálculo'!K43,'Hoja 4 - Cálculo'!I43+'Hoja 4 - Cálculo'!J43+'Hoja 4 - Cálculo'!K43))) -> 16 | I22: =H22*C22 -> 12 | J22: =N21 -> 1 | K22: =MIN(J22+G22,(J22+G22)*'Hoja 4 - Cálculo'!$B$15) -> 0.32753 | L22: =MAX(0,J22+G22-K22) -> 16.04897 | M22: =MIN(I22,L22) -> 12 | N22: =MIN(B22,MAX(0,L22-M22)) -> 1 | O22: =MAX(0,L22-M22-B22) -> 3.04897 | P22: =MAX(0,I22-M22) -> 0 | Q22: =IF(M22>=I22*'Hoja 4 - Cálculo'!$B$16,"Satisfactorio","Falla") -> Satisfactorio | R22: =IF(AND(Q21="Falla",Q22="Satisfactorio"),1,0) -> 0 | S22: =IF(AND(Q22="Falla",Q21<>"Falla"),1,0) -> 0
A23: ="SRY-1-1" -> SRY-1-1 | B23: ='Curvas SRY'!$B$8 -> 1 | C23: ='Curvas SRY'!$E$8 -> 0.75 | D23: ='Curvas SRY'!$B$14 -> Uso variable | E23: =20 -> 20 | F23: ='Hoja 4 - Cálculo'!A44 -> 30164 | G23: ='Hoja 4 - Cálculo'!H44 -> 16.466625 | H23: =IF(D23="Uso único",'Hoja 4 - Cálculo'!I44,IF(D23="Uso múltiple",AVERAGE('Hoja 4 - Cálculo'!$I$25:$I$384)+AVERAGE('Hoja 4 - Cálculo'!$J$25:$J$384)+AVERAGE('Hoja 4 - Cálculo'!$K$25:$K$384),IF(D23="Uso prioritario",'Hoja 4 - Cálculo'!I44+'Hoja 4 - Cálculo'!K44,'Hoja 4 - Cálculo'!I44+'Hoja 4 - Cálculo'!J44+'Hoja 4 - Cálculo'!K44))) -> 16 | I23: =H23*C23 -> 12 | J23: =N22 -> 1 | K23: =MIN(J23+G23,(J23+G23)*'Hoja 4 - Cálculo'!$B$15) -> 0.3493325 | L23: =MAX(0,J23+G23-K23) -> 17.117293 | M23: =MIN(I23,L23) -> 12 | N23: =MIN(B23,MAX(0,L23-M23)) -> 1 | O23: =MAX(0,L23-M23-B23) -> 4.1172925 | P23: =MAX(0,I23-M23) -> 0 | Q23: =IF(M23>=I23*'Hoja 4 - Cálculo'!$B$16,"Satisfactorio","Falla") -> Satisfactorio | R23: =IF(AND(Q22="Falla",Q23="Satisfactorio"),1,0) -> 0 | S23: =IF(AND(Q23="Falla",Q22<>"Falla"),1,0) -> 0
A24: ="SRY-1-1" -> SRY-1-1 | B24: ='Curvas SRY'!$B$8 -> 1 | C24: ='Curvas SRY'!$E$8 -> 0.75 | D24: ='Curvas SRY'!$B$14 -> Uso variable | E24: =21 -> 21 | F24: ='Hoja 4 - Cálculo'!A45 -> 30195 | G24: ='Hoja 4 - Cálculo'!H45 -> 25.837875 | H24: =IF(D24="Uso único",'Hoja 4 - Cálculo'!I45,IF(D24="Uso múltiple",AVERAGE('Hoja 4 - Cálculo'!$I$25:$I$384)+AVERAGE('Hoja 4 - Cálculo'!$J$25:$J$384)+AVERAGE('Hoja 4 - Cálculo'!$K$25:$K$384),IF(D24="Uso prioritario",'Hoja 4 - Cálculo'!I45+'Hoja 4 - Cálculo'!K45,'Hoja 4 - Cálculo'!I45+'Hoja 4 - Cálculo'!J45+'Hoja 4 - Cálculo'!K45))) -> 11.5 | I24: =H24*C24 -> 8.625 | J24: =N23 -> 1 | K24: =MIN(J24+G24,(J24+G24)*'Hoja 4 - Cálculo'!$B$15) -> 0.5367575 | L24: =MAX(0,J24+G24-K24) -> 26.301118 | M24: =MIN(I24,L24) -> 8.625 | N24: =MIN(B24,MAX(0,L24-M24)) -> 1 | O24: =MAX(0,L24-M24-B24) -> 16.676118 | P24: =MAX(0,I24-M24) -> 0 | Q24: =IF(M24>=I24*'Hoja 4 - Cálculo'!$B$16,"Satisfactorio","Falla") -> Satisfactorio | R24: =IF(AND(Q23="Falla",Q24="Satisfactorio"),1,0) -> 0 | S24: =IF(AND(Q24="Falla",Q23<>"Falla"),1,0) -> 0
A25: ="SRY-1-1" -> SRY-1-1 | B25: ='Curvas SRY'!$B$8 -> 1 | C25: ='Curvas SRY'!$E$8 -> 0.75 | D25: ='Curvas SRY'!$B$14 -> Uso variable | E25: =22 -> 22 | F25: ='Hoja 4 - Cálculo'!A46 -> 30225 | G25: ='Hoja 4 - Cálculo'!H46 -> 33.46875 | H25: =IF(D25="Uso único",'Hoja 4 - Cálculo'!I46,IF(D25="Uso múltiple",AVERAGE('Hoja 4 - Cálculo'!$I$25:$I$384)+AVERAGE('Hoja 4 - Cálculo'!$J$25:$J$384)+AVERAGE('Hoja 4 - Cálculo'!$K$25:$K$384),IF(D25="Uso prioritario",'Hoja 4 - Cálculo'!I46+'Hoja 4 - Cálculo'!K46,'Hoja 4 - Cálculo'!I46+'Hoja 4 - Cálculo'!J46+'Hoja 4 - Cálculo'!K46))) -> 11.5 | I25: =H25*C25 -> 8.625 | J25: =N24 -> 1 | K25: =MIN(J25+G25,(J25+G25)*'Hoja 4 - Cálculo'!$B$15) -> 0.689375 | L25: =MAX(0,J25+G25-K25) -> 33.779375 | M25: =MIN(I25,L25) -> 8.625 | N25: =MIN(B25,MAX(0,L25-M25)) -> 1 | O25: =MAX(0,L25-M25-B25) -> 24.154375 | P25: =MAX(0,I25-M25) -> 0 | Q25: =IF(M25>=I25*'Hoja 4 - Cálculo'!$B$16,"Satisfactorio","Falla") -> Satisfactorio | R25: =IF(AND(Q24="Falla",Q25="Satisfactorio"),1,0) -> 0 | S25: =IF(AND(Q25="Falla",Q24<>"Falla"),1,0) -> 0
A26: ="SRY-1-1" -> SRY-1-1 | B26: ='Curvas SRY'!$B$8 -> 1 | C26: ='Curvas SRY'!$E$8 -> 0.75 | D26: ='Curvas SRY'!$B$14 -> Uso variable | E26: =23 -> 23 | F26: ='Hoja 4 - Cálculo'!A47 -> 30256 | G26: ='Hoja 4 - Cálculo'!H47 -> 27.57825 | H26: =IF(D26="Uso único",'Hoja 4 - Cálculo'!I47,IF(D26="Uso múltiple",AVERAGE('Hoja 4 - Cálculo'!$I$25:$I$384)+AVERAGE('Hoja 4 - Cálculo'!$J$25:$J$384)+AVERAGE('Hoja 4 - Cálculo'!$K$25:$K$384),IF(D26="Uso prioritario",'Hoja 4 - Cálculo'!I47+'Hoja 4 - Cálculo'!K47,'Hoja 4 - Cálculo'!I47+'Hoja 4 - Cálculo'!J47+'Hoja 4 - Cálculo'!K47))) -> 11.5 | I26: =H26*C26 -> 8.625 | J26: =N25 -> 1 | K26: =MIN(J26+G26,(J26+G26)*'Hoja 4 - Cálculo'!$B$15) -> 0.571565 | L26: =MAX(0,J26+G26-K26) -> 28.006685 | M26: =MIN(I26,L26) -> 8.625 | N26: =MIN(B26,MAX(0,L26-M26)) -> 1 | O26: =MAX(0,L26-M26-B26) -> 18.381685 | P26: =MAX(0,I26-M26) -> 0 | Q26: =IF(M26>=I26*'Hoja 4 - Cálculo'!$B$16,"Satisfactorio","Falla") -> Satisfactorio | R26: =IF(AND(Q25="Falla",Q26="Satisfactorio"),1,0) -> 0 | S26: =IF(AND(Q26="Falla",Q25<>"Falla"),1,0) -> 0
A27: ="SRY-1-1" -> SRY-1-1 | B27: ='Curvas SRY'!$B$8 -> 1 | C27: ='Curvas SRY'!$E$8 -> 0.75 | D27: ='Curvas SRY'!$B$14 -> Uso variable | E27: =24 -> 24 | F27: ='Hoja 4 - Cálculo'!A48 -> 30286 | G27: ='Hoja 4 - Cálculo'!H48 -> 16.25625 | H27: =IF(D27="Uso único",'Hoja 4 - Cálculo'!I48,IF(D27="Uso múltiple",AVERAGE('Hoja 4 - Cálculo'!$I$25:$I$384)+AVERAGE('Hoja 4 - Cálculo'!$J$25:$J$384)+AVERAGE('Hoja 4 - Cálculo'!$K$25:$K$384),IF(D27="Uso prioritario",'Hoja 4 - Cálculo'!I48+'Hoja 4 - Cálculo'!K48,'Hoja 4 - Cálculo'!I48+'Hoja 4 - Cálculo'!J48+'Hoja 4 - Cálculo'!K48))) -> 16 | I27: =H27*C27 -> 12 | J27: =N26 -> 1 | K27: =MIN(J27+G27,(J27+G27)*'Hoja 4 - Cálculo'!$B$15) -> 0.345125 | L27: =MAX(0,J27+G27-K27) -> 16.911125 | M27: =MIN(I27,L27) -> 12 | N27: =MIN(B27,MAX(0,L27-M27)) -> 1 | O27: =MAX(0,L27-M27-B27) -> 3.911125 | P27: =MAX(0,I27-M27) -> 0 | Q27: =IF(M27>=I27*'Hoja 4 - Cálculo'!$B$16,"Satisfactorio","Falla") -> Satisfactorio | R27: =IF(AND(Q26="Falla",Q27="Satisfactorio"),1,0) -> 0 | S27: =IF(AND(Q27="Falla",Q26<>"Falla"),1,0) -> 0
A28: ="SRY-1-1" -> SRY-1-1 | B28: ='Curvas SRY'!$B$8 -> 1 | C28: ='Curvas SRY'!$E$8 -> 0.75 | D28: ='Curvas SRY'!$B$14 -> Uso variable | E28: =25 -> 25 | F28: ='Hoja 4 - Cálculo'!A49 -> 30317 | G28: ='Hoja 4 - Cálculo'!H49 -> 12.7755 | H28: =IF(D28="Uso único",'Hoja 4 - Cálculo'!I49,IF(D28="Uso múltiple",AVERAGE('Hoja 4 - Cálculo'!$I$25:$I$384)+AVERAGE('Hoja 4 - Cálculo'!$J$25:$J$384)+AVERAGE('Hoja 4 - Cálculo'!$K$25:$K$384),IF(D28="Uso prioritario",'Hoja 4 - Cálculo'!I49+'Hoja 4 - Cálculo'!K49,'Hoja 4 - Cálculo'!I49+'Hoja 4 - Cálculo'!J49+'Hoja 4 - Cálculo'!K49))) -> 16 | I28: =H28*C28 -> 12 | J28: =N27 -> 1 | K28: =MIN(J28+G28,(J28+G28)*'Hoja 4 - Cálculo'!$B$15) -> 0.27551 | L28: =MAX(0,J28+G28-K28) -> 13.49999 | M28: =MIN(I28,L28) -> 12 | N28: =MIN(B28,MAX(0,L28-M28)) -> 1 | O28: =MAX(0,L28-M28-B28) -> 0.49999 | P28: =MAX(0,I28-M28) -> 0 | Q28: =IF(M28>=I28*'Hoja 4 - Cálculo'!$B$16,"Satisfactorio","Falla") -> Satisfactorio | R28: =IF(AND(Q27="Falla",Q28="Satisfactorio"),1,0) -> 0 | S28: =IF(AND(Q28="Falla",Q27<>"Falla"),1,0) -> 0
A29: ="SRY-1-1" -> SRY-1-1 | B29: ='Curvas SRY'!$B$8 -> 1 | C29: ='Curvas SRY'!$E$8 -> 0.75 | D29: ='Curvas SRY'!$B$14 -> Uso variable | E29: =26 -> 26 | F29: ='Hoja 4 - Cálculo'!A50 -> 30348 | G29: ='Hoja 4 - Cálculo'!H50 -> 14.49675 | H29: =IF(D29="Uso único",'Hoja 4 - Cálculo'!I50,IF(D29="Uso múltiple",AVERAGE('Hoja 4 - Cálculo'!$I$25:$I$384)+AVERAGE('Hoja 4 - Cálculo'!$J$25:$J$384)+AVERAGE('Hoja 4 - Cálculo'!$K$25:$K$384),IF(D29="Uso prioritario",'Hoja 4 - Cálculo'!I50+'Hoja 4 - Cálculo'!K50,'Hoja 4 - Cálculo'!I50+'Hoja 4 - Cálculo'!J50+'Hoja 4 - Cálculo'!K50))) -> 16 | I29: =H29*C29 -> 12 | J29: =N28 -> 1 | K29: =MIN(J29+G29,(J29+G29)*'Hoja 4 - Cálculo'!$B$15) -> 0.309935 | L29: =MAX(0,J29+G29-K29) -> 15.186815 | M29: =MIN(I29,L29) -> 12 | N29: =MIN(B29,MAX(0,L29-M29)) -> 1 | O29: =MAX(0,L29-M29-B29) -> 2.186815 | P29: =MAX(0,I29-M29) -> 0 | Q29: =IF(M29>=I29*'Hoja 4 - Cálculo'!$B$16,"Satisfactorio","Falla") -> Satisfactorio | R29: =IF(AND(Q28="Falla",Q29="Satisfactorio"),1,0) -> 0 | S29: =IF(AND(Q29="Falla",Q28<>"Falla"),1,0) -> 0
A30: ="SRY-1-1" -> SRY-1-1 | B30: ='Curvas SRY'!$B$8 -> 1 | C30: ='Curvas SRY'!$E$8 -> 0.75 | D30: ='Curvas SRY'!$B$14 -> Uso variable | E30: =27 -> 27 | F30: ='Hoja 4 - Cálculo'!A51 -> 30376 | G30: ='Hoja 4 - Cálculo'!H51 -> 21.936375 | H30: =IF(D30="Uso único",'Hoja 4 - Cálculo'!I51,IF(D30="Uso múltiple",AVERAGE('Hoja 4 - Cálculo'!$I$25:$I$384)+AVERAGE('Hoja 4 - Cálculo'!$J$25:$J$384)+AVERAGE('Hoja 4 - Cálculo'!$K$25:$K$384),IF(D30="Uso prioritario",'Hoja 4 - Cálculo'!I51+'Hoja 4 - Cálculo'!K51,'Hoja 4 - Cálculo'!I51+'Hoja 4 - Cálculo'!J51+'Hoja 4 - Cálculo'!K51))) -> 16 | I30: =H30*C30 -> 12 | J30: =N29 -> 1 | K30: =MIN(J30+G30,(J30+G30)*'Hoja 4 - Cálculo'!$B$15) -> 0.4587275 | L30: =MAX(0,J30+G30-K30) -> 22.477648 | M30: =MIN(I30,L30) -> 12 | N30: =MIN(B30,MAX(0,L30-M30)) -> 1 | O30: =MAX(0,L30-M30-B30) -> 9.4776475 | P30: =MAX(0,I30-M30) -> 0 | Q30: =IF(M30>=I30*'Hoja 4 - Cálculo'!$B$16,"Satisfactorio","Falla") -> Satisfactorio | R30: =IF(AND(Q29="Falla",Q30="Satisfactorio"),1,0) -> 0 | S30: =IF(AND(Q30="Falla",Q29<>"Falla"),1,0) -> 0
A31: ="SRY-1-1" -> SRY-1-1 | B31: ='Curvas SRY'!$B$8 -> 1 | C31: ='Curvas SRY'!$E$8 -> 0.75 | D31: ='Curvas SRY'!$B$14 -> Uso variable | E31: =28 -> 28 | F31: ='Hoja 4 - Cálculo'!A52 -> 30407 | G31: ='Hoja 4 - Cálculo'!H52 -> 32.263875 | H31: =IF(D31="Uso único",'Hoja 4 - Cálculo'!I52,IF(D31="Uso múltiple",AVERAGE('Hoja 4 - Cálculo'!$I$25:$I$384)+AVERAGE('Hoja 4 - Cálculo'!$J$25:$J$384)+AVERAGE('Hoja 4 - Cálculo'!$K$25:$K$384),IF(D31="Uso prioritario",'Hoja 4 - Cálculo'!I52+'Hoja 4 - Cálculo'!K52,'Hoja 4 - Cálculo'!I52+'Hoja 4 - Cálculo'!J52+'Hoja 4 - Cálculo'!K52))) -> 11.5 | I31: =H31*C31 -> 8.625 | J31: =N30 -> 1 | K31: =MIN(J31+G31,(J31+G31)*'Hoja 4 - Cálculo'!$B$15) -> 0.6652775 | L31: =MAX(0,J31+G31-K31) -> 32.598597 | M31: =MIN(I31,L31) -> 8.625 | N31: =MIN(B31,MAX(0,L31-M31)) -> 1 | O31: =MAX(0,L31-M31-B31) -> 22.973597 | P31: =MAX(0,I31-M31) -> 0 | Q31: =IF(M31>=I31*'Hoja 4 - Cálculo'!$B$16,"Satisfactorio","Falla") -> Satisfactorio | R31: =IF(AND(Q30="Falla",Q31="Satisfactorio"),1,0) -> 0 | S31: =IF(AND(Q31="Falla",Q30<>"Falla"),1,0) -> 0
A32: ="SRY-1-1" -> SRY-1-1 | B32: ='Curvas SRY'!$B$8 -> 1 | C32: ='Curvas SRY'!$E$8 -> 0.75 | D32: ='Curvas SRY'!$B$14 -> Uso variable | E32: =29 -> 29 | F32: ='Hoja 4 - Cálculo'!A53 -> 30437 | G32: ='Hoja 4 - Cálculo'!H53 -> 29.356875 | H32: =IF(D32="Uso único",'Hoja 4 - Cálculo'!I53,IF(D32="Uso múltiple",AVERAGE('Hoja 4 - Cálculo'!$I$25:$I$384)+AVERAGE('Hoja 4 - Cálculo'!$J$25:$J$384)+AVERAGE('Hoja 4 - Cálculo'!$K$25:$K$384),IF(D32="Uso prioritario",'Hoja 4 - Cálculo'!I53+'Hoja 4 - Cálculo'!K53,'Hoja 4 - Cálculo'!I53+'Hoja 4 - Cálculo'!J53+'Hoja 4 - Cálculo'!K53))) -> 11.5 | I32: =H32*C32 -> 8.625 | J32: =N31 -> 1 | K32: =MIN(J32+G32,(J32+G32)*'Hoja 4 - Cálculo'!$B$15) -> 0.6071375 | L32: =MAX(0,J32+G32-K32) -> 29.749737 | M32: =MIN(I32,L32) -> 8.625 | N32: =MIN(B32,MAX(0,L32-M32)) -> 1 | O32: =MAX(0,L32-M32-B32) -> 20.124737 | P32: =MAX(0,I32-M32) -> 0 | Q32: =IF(M32>=I32*'Hoja 4 - Cálculo'!$B$16,"Satisfactorio","Falla") -> Satisfactorio | R32: =IF(AND(Q31="Falla",Q32="Satisfactorio"),1,0) -> 0 | S32: =IF(AND(Q32="Falla",Q31<>"Falla"),1,0) -> 0
A33: ="SRY-1-1" -> SRY-1-1 | B33: ='Curvas SRY'!$B$8 -> 1 | C33: ='Curvas SRY'!$E$8 -> 0.75 | D33: ='Curvas SRY'!$B$14 -> Uso variable | E33: =30 -> 30 | F33: ='Hoja 4 - Cálculo'!A54 -> 30468 | G33: ='Hoja 4 - Cálculo'!H54 -> 17.2125 | H33: =IF(D33="Uso único",'Hoja 4 - Cálculo'!I54,IF(D33="Uso múltiple",AVERAGE('Hoja 4 - Cálculo'!$I$25:$I$384)+AVERAGE('Hoja 4 - Cálculo'!$J$25:$J$384)+AVERAGE('Hoja 4 - Cálculo'!$K$25:$K$384),IF(D33="Uso prioritario",'Hoja 4 - Cálculo'!I54+'Hoja 4 - Cálculo'!K54,'Hoja 4 - Cálculo'!I54+'Hoja 4 - Cálculo'!J54+'Hoja 4 - Cálculo'!K54))) -> 11.5 | I33: =H33*C33 -> 8.625 | J33: =N32 -> 1 | K33: =MIN(J33+G33,(J33+G33)*'Hoja 4 - Cálculo'!$B$15) -> 0.36425 | L33: =MAX(0,J33+G33-K33) -> 17.84825 | M33: =MIN(I33,L33) -> 8.625 | N33: =MIN(B33,MAX(0,L33-M33)) -> 1 | O33: =MAX(0,L33-M33-B33) -> 8.22325 | P33: =MAX(0,I33-M33) -> 0 | Q33: =IF(M33>=I33*'Hoja 4 - Cálculo'!$B$16,"Satisfactorio","Falla") -> Satisfactorio | R33: =IF(AND(Q32="Falla",Q33="Satisfactorio"),1,0) -> 0 | S33: =IF(AND(Q33="Falla",Q32<>"Falla"),1,0) -> 0
A34: ="SRY-1-1" -> SRY-1-1 | B34: ='Curvas SRY'!$B$8 -> 1 | C34: ='Curvas SRY'!$E$8 -> 0.75 | D34: ='Curvas SRY'!$B$14 -> Uso variable | E34: =31 -> 31 | F34: ='Hoja 4 - Cálculo'!A55 -> 30498 | G34: ='Hoja 4 - Cálculo'!H55 -> 13.597875 | H34: =IF(D34="Uso único",'Hoja 4 - Cálculo'!I55,IF(D34="Uso múltiple",AVERAGE('Hoja 4 - Cálculo'!$I$25:$I$384)+AVERAGE('Hoja 4 - Cálculo'!$J$25:$J$384)+AVERAGE('Hoja 4 - Cálculo'!$K$25:$K$384),IF(D34="Uso prioritario",'Hoja 4 - Cálculo'!I55+'Hoja 4 - Cálculo'!K55,'Hoja 4 - Cálculo'!I55+'Hoja 4 - Cálculo'!J55+'Hoja 4 - Cálculo'!K55))) -> 16 | I34: =H34*C34 -> 12 | J34: =N33 -> 1 | K34: =MIN(J34+G34,(J34+G34)*'Hoja 4 - Cálculo'!$B$15) -> 0.2919575 | L34: =MAX(0,J34+G34-K34) -> 14.305917 | M34: =MIN(I34,L34) -> 12 | N34: =MIN(B34,MAX(0,L34-M34)) -> 1 | O34: =MAX(0,L34-M34-B34) -> 1.3059175 | P34: =MAX(0,I34-M34) -> 0 | Q34: =IF(M34>=I34*'Hoja 4 - Cálculo'!$B$16,"Satisfactorio","Falla") -> Satisfactorio | R34: =IF(AND(Q33="Falla",Q34="Satisfactorio"),1,0) -> 0 | S34: =IF(AND(Q34="Falla",Q33<>"Falla"),1,0) -> 0
A35: ="SRY-1-1" -> SRY-1-1 | B35: ='Curvas SRY'!$B$8 -> 1 | C35: ='Curvas SRY'!$E$8 -> 0.75 | D35: ='Curvas SRY'!$B$14 -> Uso variable | E35: =32 -> 32 | F35: ='Hoja 4 - Cálculo'!A56 -> 30529 | G35: ='Hoja 4 - Cálculo'!H56 -> 14.592375 | H35: =IF(D35="Uso único",'Hoja 4 - Cálculo'!I56,IF(D35="Uso múltiple",AVERAGE('Hoja 4 - Cálculo'!$I$25:$I$384)+AVERAGE('Hoja 4 - Cálculo'!$J$25:$J$384)+AVERAGE('Hoja 4 - Cálculo'!$K$25:$K$384),IF(D35="Uso prioritario",'Hoja 4 - Cálculo'!I56+'Hoja 4 - Cálculo'!K56,'Hoja 4 - Cálculo'!I56+'Hoja 4 - Cálculo'!J56+'Hoja 4 - Cálculo'!K56))) -> 16 | I35: =H35*C35 -> 12 | J35: =N34 -> 1 | K35: =MIN(J35+G35,(J35+G35)*'Hoja 4 - Cálculo'!$B$15) -> 0.3118475 | L35: =MAX(0,J35+G35-K35) -> 15.280527 | M35: =MIN(I35,L35) -> 12 | N35: =MIN(B35,MAX(0,L35-M35)) -> 1 | O35: =MAX(0,L35-M35-B35) -> 2.2805275 | P35: =MAX(0,I35-M35) -> 0 | Q35: =IF(M35>=I35*'Hoja 4 - Cálculo'!$B$16,"Satisfactorio","Falla") -> Satisfactorio | R35: =IF(AND(Q34="Falla",Q35="Satisfactorio"),1,0) -> 0 | S35: =IF(AND(Q35="Falla",Q34<>"Falla"),1,0) -> 0
A36: ="SRY-1-1" -> SRY-1-1 | B36: ='Curvas SRY'!$B$8 -> 1 | C36: ='Curvas SRY'!$E$8 -> 0.75 | D36: ='Curvas SRY'!$B$14 -> Uso variable | E36: =33 -> 33 | F36: ='Hoja 4 - Cálculo'!A57 -> 30560 | G36: ='Hoja 4 - Cálculo'!H57 -> 24.307875 | H36: =IF(D36="Uso único",'Hoja 4 - Cálculo'!I57,IF(D36="Uso múltiple",AVERAGE('Hoja 4 - Cálculo'!$I$25:$I$384)+AVERAGE('Hoja 4 - Cálculo'!$J$25:$J$384)+AVERAGE('Hoja 4 - Cálculo'!$K$25:$K$384),IF(D36="Uso prioritario",'Hoja 4 - Cálculo'!I57+'Hoja 4 - Cálculo'!K57,'Hoja 4 - Cálculo'!I57+'Hoja 4 - Cálculo'!J57+'Hoja 4 - Cálculo'!K57))) -> 11.5 | I36: =H36*C36 -> 8.625 | J36: =N35 -> 1 | K36: =MIN(J36+G36,(J36+G36)*'Hoja 4 - Cálculo'!$B$15) -> 0.5061575 | L36: =MAX(0,J36+G36-K36) -> 24.801717 | M36: =MIN(I36,L36) -> 8.625 | N36: =MIN(B36,MAX(0,L36-M36)) -> 1 | O36: =MAX(0,L36-M36-B36) -> 15.176717 | P36: =MAX(0,I36-M36) -> 0 | Q36: =IF(M36>=I36*'Hoja 4 - Cálculo'!$B$16,"Satisfactorio","Falla") -> Satisfactorio | R36: =IF(AND(Q35="Falla",Q36="Satisfactorio"),1,0) -> 0 | S36: =IF(AND(Q36="Falla",Q35<>"Falla"),1,0) -> 0
A37: ="SRY-1-1" -> SRY-1-1 | B37: ='Curvas SRY'!$B$8 -> 1 | C37: ='Curvas SRY'!$E$8 -> 0.75 | D37: ='Curvas SRY'!$B$14 -> Uso variable | E37: =34 -> 34 | F37: ='Hoja 4 - Cálculo'!A58 -> 30590 | G37: ='Hoja 4 - Cálculo'!H58 -> 33.564375 | H37: =IF(D37="Uso único",'Hoja 4 - Cálculo'!I58,IF(D37="Uso múltiple",AVERAGE('Hoja 4 - Cálculo'!$I$25:$I$384)+AVERAGE('Hoja 4 - Cálculo'!$J$25:$J$384)+AVERAGE('Hoja 4 - Cálculo'!$K$25:$K$384),IF(D37="Uso prioritario",'Hoja 4 - Cálculo'!I58+'Hoja 4 - Cálculo'!K58,'Hoja 4 - Cálculo'!I58+'Hoja 4 - Cálculo'!J58+'Hoja 4 - Cálculo'!K58))) -> 11.5 | I37: =H37*C37 -> 8.625 | J37: =N36 -> 1 | K37: =MIN(J37+G37,(J37+G37)*'Hoja 4 - Cálculo'!$B$15) -> 0.6912875 | L37: =MAX(0,J37+G37-K37) -> 33.873087 | M37: =MIN(I37,L37) -> 8.625 | N37: =MIN(B37,MAX(0,L37-M37)) -> 1 | O37: =MAX(0,L37-M37-B37) -> 24.248087 | P37: =MAX(0,I37-M37) -> 0 | Q37: =IF(M37>=I37*'Hoja 4 - Cálculo'!$B$16,"Satisfactorio","Falla") -> Satisfactorio | R37: =IF(AND(Q36="Falla",Q37="Satisfactorio"),1,0) -> 0 | S37: =IF(AND(Q37="Falla",Q36<>"Falla"),1,0) -> 0
A38: ="SRY-1-1" -> SRY-1-1 | B38: ='Curvas SRY'!$B$8 -> 1 | C38: ='Curvas SRY'!$E$8 -> 0.75 | D38: ='Curvas SRY'!$B$14 -> Uso variable | E38: =35 -> 35 | F38: ='Hoja 4 - Cálculo'!A59 -> 30621 | G38: ='Hoja 4 - Cálculo'!H59 -> 28.0755 | H38: =IF(D38="Uso único",'Hoja 4 - Cálculo'!I59,IF(D38="Uso múltiple",AVERAGE('Hoja 4 - Cálculo'!$I$25:$I$384)+AVERAGE('Hoja 4 - Cálculo'!$J$25:$J$384)+AVERAGE('Hoja 4 - Cálculo'!$K$25:$K$384),IF(D38="Uso prioritario",'Hoja 4 - Cálculo'!I59+'Hoja 4 - Cálculo'!K59,'Hoja 4 - Cálculo'!I59+'Hoja 4 - Cálculo'!J59+'Hoja 4 - Cálculo'!K59))) -> 11.5 | I38: =H38*C38 -> 8.625 | J38: =N37 -> 1 | K38: =MIN(J38+G38,(J38+G38)*'Hoja 4 - Cálculo'!$B$15) -> 0.58151 | L38: =MAX(0,J38+G38-K38) -> 28.49399 | M38: =MIN(I38,L38) -> 8.625 | N38: =MIN(B38,MAX(0,L38-M38)) -> 1 | O38: =MAX(0,L38-M38-B38) -> 18.86899 | P38: =MAX(0,I38-M38) -> 0 | Q38: =IF(M38>=I38*'Hoja 4 - Cálculo'!$B$16,"Satisfactorio","Falla") -> Satisfactorio | R38: =IF(AND(Q37="Falla",Q38="Satisfactorio"),1,0) -> 0 | S38: =IF(AND(Q38="Falla",Q37<>"Falla"),1,0) -> 0
A39: ="SRY-1-1" -> SRY-1-1 | B39: ='Curvas SRY'!$B$8 -> 1 | C39: ='Curvas SRY'!$E$8 -> 0.75 | D39: ='Curvas SRY'!$B$14 -> Uso variable | E39: =36 -> 36 | F39: ='Hoja 4 - Cálculo'!A60 -> 30651 | G39: ='Hoja 4 - Cálculo'!H60 -> 15.931125 | H39: =IF(D39="Uso único",'Hoja 4 - Cálculo'!I60,IF(D39="Uso múltiple",AVERAGE('Hoja 4 - Cálculo'!$I$25:$I$384)+AVERAGE('Hoja 4 - Cálculo'!$J$25:$J$384)+AVERAGE('Hoja 4 - Cálculo'!$K$25:$K$384),IF(D39="Uso prioritario",'Hoja 4 - Cálculo'!I60+'Hoja 4 - Cálculo'!K60,'Hoja 4 - Cálculo'!I60+'Hoja 4 - Cálculo'!J60+'Hoja 4 - Cálculo'!K60))) -> 16 | I39: =H39*C39 -> 12 | J39: =N38 -> 1 | K39: =MIN(J39+G39,(J39+G39)*'Hoja 4 - Cálculo'!$B$15) -> 0.3386225 | L39: =MAX(0,J39+G39-K39) -> 16.592503 | M39: =MIN(I39,L39) -> 12 | N39: =MIN(B39,MAX(0,L39-M39)) -> 1 | O39: =MAX(0,L39-M39-B39) -> 3.5925025 | P39: =MAX(0,I39-M39) -> 0 | Q39: =IF(M39>=I39*'Hoja 4 - Cálculo'!$B$16,"Satisfactorio","Falla") -> Satisfactorio | R39: =IF(AND(Q38="Falla",Q39="Satisfactorio"),1,0) -> 0 | S39: =IF(AND(Q39="Falla",Q38<>"Falla"),1,0) -> 0
A40: ="SRY-1-1" -> SRY-1-1 | B40: ='Curvas SRY'!$B$8 -> 1 | C40: ='Curvas SRY'!$E$8 -> 0.75 | D40: ='Curvas SRY'!$B$14 -> Uso variable | E40: =37 -> 37 | F40: ='Hoja 4 - Cálculo'!A61 -> 30682 | G40: ='Hoja 4 - Cálculo'!H61 -> 10.920375 | H40: =IF(D40="Uso único",'Hoja 4 - Cálculo'!I61,IF(D40="Uso múltiple",AVERAGE('Hoja 4 - Cálculo'!$I$25:$I$384)+AVERAGE('Hoja 4 - Cálculo'!$J$25:$J$384)+AVERAGE('Hoja 4 - Cálculo'!$K$25:$K$384),IF(D40="Uso prioritario",'Hoja 4 - Cálculo'!I61+'Hoja 4 - Cálculo'!K61,'Hoja 4 - Cálculo'!I61+'Hoja 4 - Cálculo'!J61+'Hoja 4 - Cálculo'!K61))) -> 16 | I40: =H40*C40 -> 12 | J40: =N39 -> 1 | K40: =MIN(J40+G40,(J40+G40)*'Hoja 4 - Cálculo'!$B$15) -> 0.2384075 | L40: =MAX(0,J40+G40-K40) -> 11.681968 | M40: =MIN(I40,L40) -> 11.681968 | N40: =MIN(B40,MAX(0,L40-M40)) -> 0 | O40: =MAX(0,L40-M40-B40) -> 0 | P40: =MAX(0,I40-M40) -> 0.3180325 | Q40: =IF(M40>=I40*'Hoja 4 - Cálculo'!$B$16,"Satisfactorio","Falla") -> Falla | R40: =IF(AND(Q39="Falla",Q40="Satisfactorio"),1,0) -> 0 | S40: =IF(AND(Q40="Falla",Q39<>"Falla"),1,0) -> 1
A41: ="SRY-1-1" -> SRY-1-1 | B41: ='Curvas SRY'!$B$8 -> 1 | C41: ='Curvas SRY'!$E$8 -> 0.75 | D41: ='Curvas SRY'!$B$14 -> Uso variable | E41: =38 -> 38 | F41: ='Hoja 4 - Cálculo'!A62 -> 30713 | G41: ='Hoja 4 - Cálculo'!H62 -> 13.04325 | H41: =IF(D41="Uso único",'Hoja 4 - Cálculo'!I62,IF(D41="Uso múltiple",AVERAGE('Hoja 4 - Cálculo'!$I$25:$I$384)+AVERAGE('Hoja 4 - Cálculo'!$J$25:$J$384)+AVERAGE('Hoja 4 - Cálculo'!$K$25:$K$384),IF(D41="Uso prioritario",'Hoja 4 - Cálculo'!I62+'Hoja 4 - Cálculo'!K62,'Hoja 4 - Cálculo'!I62+'Hoja 4 - Cálculo'!J62+'Hoja 4 - Cálculo'!K62))) -> 16 | I41: =H41*C41 -> 12 | J41: =N40 -> 0 | K41: =MIN(J41+G41,(J41+G41)*'Hoja 4 - Cálculo'!$B$15) -> 0.260865 | L41: =MAX(0,J41+G41-K41) -> 12.782385 | M41: =MIN(I41,L41) -> 12 | N41: =MIN(B41,MAX(0,L41-M41)) -> 0.782385 | O41: =MAX(0,L41-M41-B41) -> 0 | P41: =MAX(0,I41-M41) -> 0 | Q41: =IF(M41>=I41*'Hoja 4 - Cálculo'!$B$16,"Satisfactorio","Falla") -> Satisfactorio | R41: =IF(AND(Q40="Falla",Q41="Satisfactorio"),1,0) -> 1 | S41: =IF(AND(Q41="Falla",Q40<>"Falla"),1,0) -> 0
A42: ="SRY-1-1" -> SRY-1-1 | B42: ='Curvas SRY'!$B$8 -> 1 | C42: ='Curvas SRY'!$E$8 -> 0.75 | D42: ='Curvas SRY'!$B$14 -> Uso variable | E42: =39 -> 39 | F42: ='Hoja 4 - Cálculo'!A63 -> 30742 | G42: ='Hoja 4 - Cálculo'!H63 -> 20.2725 | H42: =IF(D42="Uso único",'Hoja 4 - Cálculo'!I63,IF(D42="Uso múltiple",AVERAGE('Hoja 4 - Cálculo'!$I$25:$I$384)+AVERAGE('Hoja 4 - Cálculo'!$J$25:$J$384)+AVERAGE('Hoja 4 - Cálculo'!$K$25:$K$384),IF(D42="Uso prioritario",'Hoja 4 - Cálculo'!I63+'Hoja 4 - Cálculo'!K63,'Hoja 4 - Cálculo'!I63+'Hoja 4 - Cálculo'!J63+'Hoja 4 - Cálculo'!K63))) -> 16 | I42: =H42*C42 -> 12 | J42: =N41 -> 0.782385 | K42: =MIN(J42+G42,(J42+G42)*'Hoja 4 - Cálculo'!$B$15) -> 0.4210977 | L42: =MAX(0,J42+G42-K42) -> 20.633787 | M42: =MIN(I42,L42) -> 12 | N42: =MIN(B42,MAX(0,L42-M42)) -> 1 | O42: =MAX(0,L42-M42-B42) -> 7.6337873 | P42: =MAX(0,I42-M42) -> 0 | Q42: =IF(M42>=I42*'Hoja 4 - Cálculo'!$B$16,"Satisfactorio","Falla") -> Satisfactorio | R42: =IF(AND(Q41="Falla",Q42="Satisfactorio"),1,0) -> 0 | S42: =IF(AND(Q42="Falla",Q41<>"Falla"),1,0) -> 0
A43: ="SRY-1-1" -> SRY-1-1 | B43: ='Curvas SRY'!$B$8 -> 1 | C43: ='Curvas SRY'!$E$8 -> 0.75 | D43: ='Curvas SRY'!$B$14 -> Uso variable | E43: =40 -> 40 | F43: ='Hoja 4 - Cálculo'!A64 -> 30773 | G43: ='Hoja 4 - Cálculo'!H64 -> 27.9225 | H43: =IF(D43="Uso único",'Hoja 4 - Cálculo'!I64,IF(D43="Uso múltiple",AVERAGE('Hoja 4 - Cálculo'!$I$25:$I$384)+AVERAGE('Hoja 4 - Cálculo'!$J$25:$J$384)+AVERAGE('Hoja 4 - Cálculo'!$K$25:$K$384),IF(D43="Uso prioritario",'Hoja 4 - Cálculo'!I64+'Hoja 4 - Cálculo'!K64,'Hoja 4 - Cálculo'!I64+'Hoja 4 - Cálculo'!J64+'Hoja 4 - Cálculo'!K64))) -> 11.5 | I43: =H43*C43 -> 8.625 | J43: =N42 -> 1 | K43: =MIN(J43+G43,(J43+G43)*'Hoja 4 - Cálculo'!$B$15) -> 0.57845 | L43: =MAX(0,J43+G43-K43) -> 28.34405 | M43: =MIN(I43,L43) -> 8.625 | N43: =MIN(B43,MAX(0,L43-M43)) -> 1 | O43: =MAX(0,L43-M43-B43) -> 18.71905 | P43: =MAX(0,I43-M43) -> 0 | Q43: =IF(M43>=I43*'Hoja 4 - Cálculo'!$B$16,"Satisfactorio","Falla") -> Satisfactorio | R43: =IF(AND(Q42="Falla",Q43="Satisfactorio"),1,0) -> 0 | S43: =IF(AND(Q43="Falla",Q42<>"Falla"),1,0) -> 0
A44: ="SRY-1-1" -> SRY-1-1 | B44: ='Curvas SRY'!$B$8 -> 1 | C44: ='Curvas SRY'!$E$8 -> 0.75 | D44: ='Curvas SRY'!$B$14 -> Uso variable | E44: =41 -> 41 | F44: ='Hoja 4 - Cálculo'!A65 -> 30803 | G44: ='Hoja 4 - Cálculo'!H65 -> 23.657625 | H44: =IF(D44="Uso único",'Hoja 4 - Cálculo'!I65,IF(D44="Uso múltiple",AVERAGE('Hoja 4 - Cálculo'!$I$25:$I$384)+AVERAGE('Hoja 4 - Cálculo'!$J$25:$J$384)+AVERAGE('Hoja 4 - Cálculo'!$K$25:$K$384),IF(D44="Uso prioritario",'Hoja 4 - Cálculo'!I65+'Hoja 4 - Cálculo'!K65,'Hoja 4 - Cálculo'!I65+'Hoja 4 - Cálculo'!J65+'Hoja 4 - Cálculo'!K65))) -> 11.5 | I44: =H44*C44 -> 8.625 | J44: =N43 -> 1 | K44: =MIN(J44+G44,(J44+G44)*'Hoja 4 - Cálculo'!$B$15) -> 0.4931525 | L44: =MAX(0,J44+G44-K44) -> 24.164472 | M44: =MIN(I44,L44) -> 8.625 | N44: =MIN(B44,MAX(0,L44-M44)) -> 1 | O44: =MAX(0,L44-M44-B44) -> 14.539472 | P44: =MAX(0,I44-M44) -> 0 | Q44: =IF(M44>=I44*'Hoja 4 - Cálculo'!$B$16,"Satisfactorio","Falla") -> Satisfactorio | R44: =IF(AND(Q43="Falla",Q44="Satisfactorio"),1,0) -> 0 | S44: =IF(AND(Q44="Falla",Q43<>"Falla"),1,0) -> 0
A45: ="SRY-1-1" -> SRY-1-1 | B45: ='Curvas SRY'!$B$8 -> 1 | C45: ='Curvas SRY'!$E$8 -> 0.75 | D45: ='Curvas SRY'!$B$14 -> Uso variable | E45: =42 -> 42 | F45: ='Hoja 4 - Cálculo'!A66 -> 30834 | G45: ='Hoja 4 - Cálculo'!H66 -> 14.554125 | H45: =IF(D45="Uso único",'Hoja 4 - Cálculo'!I66,IF(D45="Uso múltiple",AVERAGE('Hoja 4 - Cálculo'!$I$25:$I$384)+AVERAGE('Hoja 4 - Cálculo'!$J$25:$J$384)+AVERAGE('Hoja 4 - Cálculo'!$K$25:$K$384),IF(D45="Uso prioritario",'Hoja 4 - Cálculo'!I66+'Hoja 4 - Cálculo'!K66,'Hoja 4 - Cálculo'!I66+'Hoja 4 - Cálculo'!J66+'Hoja 4 - Cálculo'!K66))) -> 11.5 | I45: =H45*C45 -> 8.625 | J45: =N44 -> 1 | K45: =MIN(J45+G45,(J45+G45)*'Hoja 4 - Cálculo'!$B$15) -> 0.3110825 | L45: =MAX(0,J45+G45-K45) -> 15.243043 | M45: =MIN(I45,L45) -> 8.625 | N45: =MIN(B45,MAX(0,L45-M45)) -> 1 | O45: =MAX(0,L45-M45-B45) -> 5.6180425 | P45: =MAX(0,I45-M45) -> 0 | Q45: =IF(M45>=I45*'Hoja 4 - Cálculo'!$B$16,"Satisfactorio","Falla") -> Satisfactorio | R45: =IF(AND(Q44="Falla",Q45="Satisfactorio"),1,0) -> 0 | S45: =IF(AND(Q45="Falla",Q44<>"Falla"),1,0) -> 0
A46: ="SRY-1-1" -> SRY-1-1 | B46: ='Curvas SRY'!$B$8 -> 1 | C46: ='Curvas SRY'!$E$8 -> 0.75 | D46: ='Curvas SRY'!$B$14 -> Uso variable | E46: =43 -> 43 | F46: ='Hoja 4 - Cálculo'!A67 -> 30864 | G46: ='Hoja 4 - Cálculo'!H67 -> 12.794625 | H46: =IF(D46="Uso único",'Hoja 4 - Cálculo'!I67,IF(D46="Uso múltiple",AVERAGE('Hoja 4 - Cálculo'!$I$25:$I$384)+AVERAGE('Hoja 4 - Cálculo'!$J$25:$J$384)+AVERAGE('Hoja 4 - Cálculo'!$K$25:$K$384),IF(D46="Uso prioritario",'Hoja 4 - Cálculo'!I67+'Hoja 4 - Cálculo'!K67,'Hoja 4 - Cálculo'!I67+'Hoja 4 - Cálculo'!J67+'Hoja 4 - Cálculo'!K67))) -> 16 | I46: =H46*C46 -> 12 | J46: =N45 -> 1 | K46: =MIN(J46+G46,(J46+G46)*'Hoja 4 - Cálculo'!$B$15) -> 0.2758925 | L46: =MAX(0,J46+G46-K46) -> 13.518733 | M46: =MIN(I46,L46) -> 12 | N46: =MIN(B46,MAX(0,L46-M46)) -> 1 | O46: =MAX(0,L46-M46-B46) -> 0.5187325 | P46: =MAX(0,I46-M46) -> 0 | Q46: =IF(M46>=I46*'Hoja 4 - Cálculo'!$B$16,"Satisfactorio","Falla") -> Satisfactorio | R46: =IF(AND(Q45="Falla",Q46="Satisfactorio"),1,0) -> 0 | S46: =IF(AND(Q46="Falla",Q45<>"Falla"),1,0) -> 0
A47: ="SRY-1-1" -> SRY-1-1 | B47: ='Curvas SRY'!$B$8 -> 1 | C47: ='Curvas SRY'!$E$8 -> 0.75 | D47: ='Curvas SRY'!$B$14 -> Uso variable | E47: =44 -> 44 | F47: ='Hoja 4 - Cálculo'!A68 -> 30895 | G47: ='Hoja 4 - Cálculo'!H68 -> 13.6935 | H47: =IF(D47="Uso único",'Hoja 4 - Cálculo'!I68,IF(D47="Uso múltiple",AVERAGE('Hoja 4 - Cálculo'!$I$25:$I$384)+AVERAGE('Hoja 4 - Cálculo'!$J$25:$J$384)+AVERAGE('Hoja 4 - Cálculo'!$K$25:$K$384),IF(D47="Uso prioritario",'Hoja 4 - Cálculo'!I68+'Hoja 4 - Cálculo'!K68,'Hoja 4 - Cálculo'!I68+'Hoja 4 - Cálculo'!J68+'Hoja 4 - Cálculo'!K68))) -> 16 | I47: =H47*C47 -> 12 | J47: =N46 -> 1 | K47: =MIN(J47+G47,(J47+G47)*'Hoja 4 - Cálculo'!$B$15) -> 0.29387 | L47: =MAX(0,J47+G47-K47) -> 14.39963 | M47: =MIN(I47,L47) -> 12 | N47: =MIN(B47,MAX(0,L47-M47)) -> 1 | O47: =MAX(0,L47-M47-B47) -> 1.39963 | P47: =MAX(0,I47-M47) -> 0 | Q47: =IF(M47>=I47*'Hoja 4 - Cálculo'!$B$16,"Satisfactorio","Falla") -> Satisfactorio | R47: =IF(AND(Q46="Falla",Q47="Satisfactorio"),1,0) -> 0 | S47: =IF(AND(Q47="Falla",Q46<>"Falla"),1,0) -> 0
A48: ="SRY-1-1" -> SRY-1-1 | B48: ='Curvas SRY'!$B$8 -> 1 | C48: ='Curvas SRY'!$E$8 -> 0.75 | D48: ='Curvas SRY'!$B$14 -> Uso variable | E48: =45 -> 45 | F48: ='Hoja 4 - Cálculo'!A69 -> 30926 | G48: ='Hoja 4 - Cálculo'!H69 -> 20.521125 | H48: =IF(D48="Uso único",'Hoja 4 - Cálculo'!I69,IF(D48="Uso múltiple",AVERAGE('Hoja 4 - Cálculo'!$I$25:$I$384)+AVERAGE('Hoja 4 - Cálculo'!$J$25:$J$384)+AVERAGE('Hoja 4 - Cálculo'!$K$25:$K$384),IF(D48="Uso prioritario",'Hoja 4 - Cálculo'!I69+'Hoja 4 - Cálculo'!K69,'Hoja 4 - Cálculo'!I69+'Hoja 4 - Cálculo'!J69+'Hoja 4 - Cálculo'!K69))) -> 11.5 | I48: =H48*C48 -> 8.625 | J48: =N47 -> 1 | K48: =MIN(J48+G48,(J48+G48)*'Hoja 4 - Cálculo'!$B$15) -> 0.4304225 | L48: =MAX(0,J48+G48-K48) -> 21.090703 | M48: =MIN(I48,L48) -> 8.625 | N48: =MIN(B48,MAX(0,L48-M48)) -> 1 | O48: =MAX(0,L48-M48-B48) -> 11.465703 | P48: =MAX(0,I48-M48) -> 0 | Q48: =IF(M48>=I48*'Hoja 4 - Cálculo'!$B$16,"Satisfactorio","Falla") -> Satisfactorio | R48: =IF(AND(Q47="Falla",Q48="Satisfactorio"),1,0) -> 0 | S48: =IF(AND(Q48="Falla",Q47<>"Falla"),1,0) -> 0
A49: ="SRY-1-1" -> SRY-1-1 | B49: ='Curvas SRY'!$B$8 -> 1 | C49: ='Curvas SRY'!$E$8 -> 0.75 | D49: ='Curvas SRY'!$B$14 -> Uso variable | E49: =46 -> 46 | F49: ='Hoja 4 - Cálculo'!A70 -> 30956 | G49: ='Hoja 4 - Cálculo'!H70 -> 27.061875 | H49: =IF(D49="Uso único",'Hoja 4 - Cálculo'!I70,IF(D49="Uso múltiple",AVERAGE('Hoja 4 - Cálculo'!$I$25:$I$384)+AVERAGE('Hoja 4 - Cálculo'!$J$25:$J$384)+AVERAGE('Hoja 4 - Cálculo'!$K$25:$K$384),IF(D49="Uso prioritario",'Hoja 4 - Cálculo'!I70+'Hoja 4 - Cálculo'!K70,'Hoja 4 - Cálculo'!I70+'Hoja 4 - Cálculo'!J70+'Hoja 4 - Cálculo'!K70))) -> 11.5 | I49: =H49*C49 -> 8.625 | J49: =N48 -> 1 | K49: =MIN(J49+G49,(J49+G49)*'Hoja 4 - Cálculo'!$B$15) -> 0.5612375 | L49: =MAX(0,J49+G49-K49) -> 27.500637 | M49: =MIN(I49,L49) -> 8.625 | N49: =MIN(B49,MAX(0,L49-M49)) -> 1 | O49: =MAX(0,L49-M49-B49) -> 17.875637 | P49: =MAX(0,I49-M49) -> 0 | Q49: =IF(M49>=I49*'Hoja 4 - Cálculo'!$B$16,"Satisfactorio","Falla") -> Satisfactorio | R49: =IF(AND(Q48="Falla",Q49="Satisfactorio"),1,0) -> 0 | S49: =IF(AND(Q49="Falla",Q48<>"Falla"),1,0) -> 0
A50: ="SRY-1-1" -> SRY-1-1 | B50: ='Curvas SRY'!$B$8 -> 1 | C50: ='Curvas SRY'!$E$8 -> 0.75 | D50: ='Curvas SRY'!$B$14 -> Uso variable | E50: =47 -> 47 | F50: ='Hoja 4 - Cálculo'!A71 -> 30987 | G50: ='Hoja 4 - Cálculo'!H71 -> 24.346125 | H50: =IF(D50="Uso único",'Hoja 4 - Cálculo'!I71,IF(D50="Uso múltiple",AVERAGE('Hoja 4 - Cálculo'!$I$25:$I$384)+AVERAGE('Hoja 4 - Cálculo'!$J$25:$J$384)+AVERAGE('Hoja 4 - Cálculo'!$K$25:$K$384),IF(D50="Uso prioritario",'Hoja 4 - Cálculo'!I71+'Hoja 4 - Cálculo'!K71,'Hoja 4 - Cálculo'!I71+'Hoja 4 - Cálculo'!J71+'Hoja 4 - Cálculo'!K71))) -> 11.5 | I50: =H50*C50 -> 8.625 | J50: =N49 -> 1 | K50: =MIN(J50+G50,(J50+G50)*'Hoja 4 - Cálculo'!$B$15) -> 0.5069225 | L50: =MAX(0,J50+G50-K50) -> 24.839202 | M50: =MIN(I50,L50) -> 8.625 | N50: =MIN(B50,MAX(0,L50-M50)) -> 1 | O50: =MAX(0,L50-M50-B50) -> 15.214202 | P50: =MAX(0,I50-M50) -> 0 | Q50: =IF(M50>=I50*'Hoja 4 - Cálculo'!$B$16,"Satisfactorio","Falla") -> Satisfactorio | R50: =IF(AND(Q49="Falla",Q50="Satisfactorio"),1,0) -> 0 | S50: =IF(AND(Q50="Falla",Q49<>"Falla"),1,0) -> 0
A51: ="SRY-1-1" -> SRY-1-1 | B51: ='Curvas SRY'!$B$8 -> 1 | C51: ='Curvas SRY'!$E$8 -> 0.75 | D51: ='Curvas SRY'!$B$14 -> Uso variable | E51: =48 -> 48 | F51: ='Hoja 4 - Cálculo'!A72 -> 31017 | G51: ='Hoja 4 - Cálculo'!H72 -> 14.745375 | H51: =IF(D51="Uso único",'Hoja 4 - Cálculo'!I72,IF(D51="Uso múltiple",AVERAGE('Hoja 4 - Cálculo'!$I$25:$I$384)+AVERAGE('Hoja 4 - Cálculo'!$J$25:$J$384)+AVERAGE('Hoja 4 - Cálculo'!$K$25:$K$384),IF(D51="Uso prioritario",'Hoja 4 - Cálculo'!I72+'Hoja 4 - Cálculo'!K72,'Hoja 4 - Cálculo'!I72+'Hoja 4 - Cálculo'!J72+'Hoja 4 - Cálculo'!K72))) -> 16 | I51: =H51*C51 -> 12 | J51: =N50 -> 1 | K51: =MIN(J51+G51,(J51+G51)*'Hoja 4 - Cálculo'!$B$15) -> 0.3149075 | L51: =MAX(0,J51+G51-K51) -> 15.430467 | M51: =MIN(I51,L51) -> 12 | N51: =MIN(B51,MAX(0,L51-M51)) -> 1 | O51: =MAX(0,L51-M51-B51) -> 2.4304675 | P51: =MAX(0,I51-M51) -> 0 | Q51: =IF(M51>=I51*'Hoja 4 - Cálculo'!$B$16,"Satisfactorio","Falla") -> Satisfactorio | R51: =IF(AND(Q50="Falla",Q51="Satisfactorio"),1,0) -> 0 | S51: =IF(AND(Q51="Falla",Q50<>"Falla"),1,0) -> 0
A52: ="SRY-1-1" -> SRY-1-1 | B52: ='Curvas SRY'!$B$8 -> 1 | C52: ='Curvas SRY'!$E$8 -> 0.75 | D52: ='Curvas SRY'!$B$14 -> Uso variable | E52: =49 -> 49 | F52: ='Hoja 4 - Cálculo'!A73 -> 31048 | G52: ='Hoja 4 - Cálculo'!H73 -> 10.767375 | H52: =IF(D52="Uso único",'Hoja 4 - Cálculo'!I73,IF(D52="Uso múltiple",AVERAGE('Hoja 4 - Cálculo'!$I$25:$I$384)+AVERAGE('Hoja 4 - Cálculo'!$J$25:$J$384)+AVERAGE('Hoja 4 - Cálculo'!$K$25:$K$384),IF(D52="Uso prioritario",'Hoja 4 - Cálculo'!I73+'Hoja 4 - Cálculo'!K73,'Hoja 4 - Cálculo'!I73+'Hoja 4 - Cálculo'!J73+'Hoja 4 - Cálculo'!K73))) -> 16 | I52: =H52*C52 -> 12 | J52: =N51 -> 1 | K52: =MIN(J52+G52,(J52+G52)*'Hoja 4 - Cálculo'!$B$15) -> 0.2353475 | L52: =MAX(0,J52+G52-K52) -> 11.532027 | M52: =MIN(I52,L52) -> 11.532027 | N52: =MIN(B52,MAX(0,L52-M52)) -> 0 | O52: =MAX(0,L52-M52-B52) -> 0 | P52: =MAX(0,I52-M52) -> 0.4679725 | Q52: =IF(M52>=I52*'Hoja 4 - Cálculo'!$B$16,"Satisfactorio","Falla") -> Falla | R52: =IF(AND(Q51="Falla",Q52="Satisfactorio"),1,0) -> 0 | S52: =IF(AND(Q52="Falla",Q51<>"Falla"),1,0) -> 1
A53: ="SRY-1-1" -> SRY-1-1 | B53: ='Curvas SRY'!$B$8 -> 1 | C53: ='Curvas SRY'!$E$8 -> 0.75 | D53: ='Curvas SRY'!$B$14 -> Uso variable | E53: =50 -> 50 | F53: ='Hoja 4 - Cálculo'!A74 -> 31079 | G53: ='Hoja 4 - Cálculo'!H74 -> 13.464 | H53: =IF(D53="Uso único",'Hoja 4 - Cálculo'!I74,IF(D53="Uso múltiple",AVERAGE('Hoja 4 - Cálculo'!$I$25:$I$384)+AVERAGE('Hoja 4 - Cálculo'!$J$25:$J$384)+AVERAGE('Hoja 4 - Cálculo'!$K$25:$K$384),IF(D53="Uso prioritario",'Hoja 4 - Cálculo'!I74+'Hoja 4 - Cálculo'!K74,'Hoja 4 - Cálculo'!I74+'Hoja 4 - Cálculo'!J74+'Hoja 4 - Cálculo'!K74))) -> 16 | I53: =H53*C53 -> 12 | J53: =N52 -> 0 | K53: =MIN(J53+G53,(J53+G53)*'Hoja 4 - Cálculo'!$B$15) -> 0.26928 | L53: =MAX(0,J53+G53-K53) -> 13.19472 | M53: =MIN(I53,L53) -> 12 | N53: =MIN(B53,MAX(0,L53-M53)) -> 1 | O53: =MAX(0,L53-M53-B53) -> 0.19472 | P53: =MAX(0,I53-M53) -> 0 | Q53: =IF(M53>=I53*'Hoja 4 - Cálculo'!$B$16,"Satisfactorio","Falla") -> Satisfactorio | R53: =IF(AND(Q52="Falla",Q53="Satisfactorio"),1,0) -> 1 | S53: =IF(AND(Q53="Falla",Q52<>"Falla"),1,0) -> 0
A54: ="SRY-1-1" -> SRY-1-1 | B54: ='Curvas SRY'!$B$8 -> 1 | C54: ='Curvas SRY'!$E$8 -> 0.75 | D54: ='Curvas SRY'!$B$14 -> Uso variable | E54: =51 -> 51 | F54: ='Hoja 4 - Cálculo'!A75 -> 31107 | G54: ='Hoja 4 - Cálculo'!H75 -> 19.450125 | H54: =IF(D54="Uso único",'Hoja 4 - Cálculo'!I75,IF(D54="Uso múltiple",AVERAGE('Hoja 4 - Cálculo'!$I$25:$I$384)+AVERAGE('Hoja 4 - Cálculo'!$J$25:$J$384)+AVERAGE('Hoja 4 - Cálculo'!$K$25:$K$384),IF(D54="Uso prioritario",'Hoja 4 - Cálculo'!I75+'Hoja 4 - Cálculo'!K75,'Hoja 4 - Cálculo'!I75+'Hoja 4 - Cálculo'!J75+'Hoja 4 - Cálculo'!K75))) -> 16 | I54: =H54*C54 -> 12 | J54: =N53 -> 1 | K54: =MIN(J54+G54,(J54+G54)*'Hoja 4 - Cálculo'!$B$15) -> 0.4090025 | L54: =MAX(0,J54+G54-K54) -> 20.041123 | M54: =MIN(I54,L54) -> 12 | N54: =MIN(B54,MAX(0,L54-M54)) -> 1 | O54: =MAX(0,L54-M54-B54) -> 7.0411225 | P54: =MAX(0,I54-M54) -> 0 | Q54: =IF(M54>=I54*'Hoja 4 - Cálculo'!$B$16,"Satisfactorio","Falla") -> Satisfactorio | R54: =IF(AND(Q53="Falla",Q54="Satisfactorio"),1,0) -> 0 | S54: =IF(AND(Q54="Falla",Q53<>"Falla"),1,0) -> 0
A55: ="SRY-1-1" -> SRY-1-1 | B55: ='Curvas SRY'!$B$8 -> 1 | C55: ='Curvas SRY'!$E$8 -> 0.75 | D55: ='Curvas SRY'!$B$14 -> Uso variable | E55: =52 -> 52 | F55: ='Hoja 4 - Cálculo'!A76 -> 31138 | G55: ='Hoja 4 - Cálculo'!H76 -> 25.51275 | H55: =IF(D55="Uso único",'Hoja 4 - Cálculo'!I76,IF(D55="Uso múltiple",AVERAGE('Hoja 4 - Cálculo'!$I$25:$I$384)+AVERAGE('Hoja 4 - Cálculo'!$J$25:$J$384)+AVERAGE('Hoja 4 - Cálculo'!$K$25:$K$384),IF(D55="Uso prioritario",'Hoja 4 - Cálculo'!I76+'Hoja 4 - Cálculo'!K76,'Hoja 4 - Cálculo'!I76+'Hoja 4 - Cálculo'!J76+'Hoja 4 - Cálculo'!K76))) -> 11.5 | I55: =H55*C55 -> 8.625 | J55: =N54 -> 1 | K55: =MIN(J55+G55,(J55+G55)*'Hoja 4 - Cálculo'!$B$15) -> 0.530255 | L55: =MAX(0,J55+G55-K55) -> 25.982495 | M55: =MIN(I55,L55) -> 8.625 | N55: =MIN(B55,MAX(0,L55-M55)) -> 1 | O55: =MAX(0,L55-M55-B55) -> 16.357495 | P55: =MAX(0,I55-M55) -> 0 | Q55: =IF(M55>=I55*'Hoja 4 - Cálculo'!$B$16,"Satisfactorio","Falla") -> Satisfactorio | R55: =IF(AND(Q54="Falla",Q55="Satisfactorio"),1,0) -> 0 | S55: =IF(AND(Q55="Falla",Q54<>"Falla"),1,0) -> 0
A56: ="SRY-1-1" -> SRY-1-1 | B56: ='Curvas SRY'!$B$8 -> 1 | C56: ='Curvas SRY'!$E$8 -> 0.75 | D56: ='Curvas SRY'!$B$14 -> Uso variable | E56: =53 -> 53 | F56: ='Hoja 4 - Cálculo'!A77 -> 31168 | G56: ='Hoja 4 - Cálculo'!H77 -> 24.36525 | H56: =IF(D56="Uso único",'Hoja 4 - Cálculo'!I77,IF(D56="Uso múltiple",AVERAGE('Hoja 4 - Cálculo'!$I$25:$I$384)+AVERAGE('Hoja 4 - Cálculo'!$J$25:$J$384)+AVERAGE('Hoja 4 - Cálculo'!$K$25:$K$384),IF(D56="Uso prioritario",'Hoja 4 - Cálculo'!I77+'Hoja 4 - Cálculo'!K77,'Hoja 4 - Cálculo'!I77+'Hoja 4 - Cálculo'!J77+'Hoja 4 - Cálculo'!K77))) -> 11.5 | I56: =H56*C56 -> 8.625 | J56: =N55 -> 1 | K56: =MIN(J56+G56,(J56+G56)*'Hoja 4 - Cálculo'!$B$15) -> 0.507305 | L56: =MAX(0,J56+G56-K56) -> 24.857945 | M56: =MIN(I56,L56) -> 8.625 | N56: =MIN(B56,MAX(0,L56-M56)) -> 1 | O56: =MAX(0,L56-M56-B56) -> 15.232945 | P56: =MAX(0,I56-M56) -> 0 | Q56: =IF(M56>=I56*'Hoja 4 - Cálculo'!$B$16,"Satisfactorio","Falla") -> Satisfactorio | R56: =IF(AND(Q55="Falla",Q56="Satisfactorio"),1,0) -> 0 | S56: =IF(AND(Q56="Falla",Q55<>"Falla"),1,0) -> 0
A57: ="SRY-1-1" -> SRY-1-1 | B57: ='Curvas SRY'!$B$8 -> 1 | C57: ='Curvas SRY'!$E$8 -> 0.75 | D57: ='Curvas SRY'!$B$14 -> Uso variable | E57: =54 -> 54 | F57: ='Hoja 4 - Cálculo'!A78 -> 31199 | G57: ='Hoja 4 - Cálculo'!H78 -> 15.395625 | H57: =IF(D57="Uso único",'Hoja 4 - Cálculo'!I78,IF(D57="Uso múltiple",AVERAGE('Hoja 4 - Cálculo'!$I$25:$I$384)+AVERAGE('Hoja 4 - Cálculo'!$J$25:$J$384)+AVERAGE('Hoja 4 - Cálculo'!$K$25:$K$384),IF(D57="Uso prioritario",'Hoja 4 - Cálculo'!I78+'Hoja 4 - Cálculo'!K78,'Hoja 4 - Cálculo'!I78+'Hoja 4 - Cálculo'!J78+'Hoja 4 - Cálculo'!K78))) -> 11.5 | I57: =H57*C57 -> 8.625 | J57: =N56 -> 1 | K57: =MIN(J57+G57,(J57+G57)*'Hoja 4 - Cálculo'!$B$15) -> 0.3279125 | L57: =MAX(0,J57+G57-K57) -> 16.067713 | M57: =MIN(I57,L57) -> 8.625 | N57: =MIN(B57,MAX(0,L57-M57)) -> 1 | O57: =MAX(0,L57-M57-B57) -> 6.4427125 | P57: =MAX(0,I57-M57) -> 0 | Q57: =IF(M57>=I57*'Hoja 4 - Cálculo'!$B$16,"Satisfactorio","Falla") -> Satisfactorio | R57: =IF(AND(Q56="Falla",Q57="Satisfactorio"),1,0) -> 0 | S57: =IF(AND(Q57="Falla",Q56<>"Falla"),1,0) -> 0
A58: ="SRY-1-1" -> SRY-1-1 | B58: ='Curvas SRY'!$B$8 -> 1 | C58: ='Curvas SRY'!$E$8 -> 0.75 | D58: ='Curvas SRY'!$B$14 -> Uso variable | E58: =55 -> 55 | F58: ='Hoja 4 - Cálculo'!A79 -> 31229 | G58: ='Hoja 4 - Cálculo'!H79 -> 11.74275 | H58: =IF(D58="Uso único",'Hoja 4 - Cálculo'!I79,IF(D58="Uso múltiple",AVERAGE('Hoja 4 - Cálculo'!$I$25:$I$384)+AVERAGE('Hoja 4 - Cálculo'!$J$25:$J$384)+AVERAGE('Hoja 4 - Cálculo'!$K$25:$K$384),IF(D58="Uso prioritario",'Hoja 4 - Cálculo'!I79+'Hoja 4 - Cálculo'!K79,'Hoja 4 - Cálculo'!I79+'Hoja 4 - Cálculo'!J79+'Hoja 4 - Cálculo'!K79))) -> 16 | I58: =H58*C58 -> 12 | J58: =N57 -> 1 | K58: =MIN(J58+G58,(J58+G58)*'Hoja 4 - Cálculo'!$B$15) -> 0.254855 | L58: =MAX(0,J58+G58-K58) -> 12.487895 | M58: =MIN(I58,L58) -> 12 | N58: =MIN(B58,MAX(0,L58-M58)) -> 0.487895 | O58: =MAX(0,L58-M58-B58) -> 0 | P58: =MAX(0,I58-M58) -> 0 | Q58: =IF(M58>=I58*'Hoja 4 - Cálculo'!$B$16,"Satisfactorio","Falla") -> Satisfactorio | R58: =IF(AND(Q57="Falla",Q58="Satisfactorio"),1,0) -> 0 | S58: =IF(AND(Q58="Falla",Q57<>"Falla"),1,0) -> 0
A59: ="SRY-1-1" -> SRY-1-1 | B59: ='Curvas SRY'!$B$8 -> 1 | C59: ='Curvas SRY'!$E$8 -> 0.75 | D59: ='Curvas SRY'!$B$14 -> Uso variable | E59: =56 -> 56 | F59: ='Hoja 4 - Cálculo'!A80 -> 31260 | G59: ='Hoja 4 - Cálculo'!H80 -> 12.603375 | H59: =IF(D59="Uso único",'Hoja 4 - Cálculo'!I80,IF(D59="Uso múltiple",AVERAGE('Hoja 4 - Cálculo'!$I$25:$I$384)+AVERAGE('Hoja 4 - Cálculo'!$J$25:$J$384)+AVERAGE('Hoja 4 - Cálculo'!$K$25:$K$384),IF(D59="Uso prioritario",'Hoja 4 - Cálculo'!I80+'Hoja 4 - Cálculo'!K80,'Hoja 4 - Cálculo'!I80+'Hoja 4 - Cálculo'!J80+'Hoja 4 - Cálculo'!K80))) -> 16 | I59: =H59*C59 -> 12 | J59: =N58 -> 0.487895 | K59: =MIN(J59+G59,(J59+G59)*'Hoja 4 - Cálculo'!$B$15) -> 0.2618254 | L59: =MAX(0,J59+G59-K59) -> 12.829445 | M59: =MIN(I59,L59) -> 12 | N59: =MIN(B59,MAX(0,L59-M59)) -> 0.8294446 | O59: =MAX(0,L59-M59-B59) -> 0 | P59: =MAX(0,I59-M59) -> 0 | Q59: =IF(M59>=I59*'Hoja 4 - Cálculo'!$B$16,"Satisfactorio","Falla") -> Satisfactorio | R59: =IF(AND(Q58="Falla",Q59="Satisfactorio"),1,0) -> 0 | S59: =IF(AND(Q59="Falla",Q58<>"Falla"),1,0) -> 0
A60: ="SRY-1-1" -> SRY-1-1 | B60: ='Curvas SRY'!$B$8 -> 1 | C60: ='Curvas SRY'!$E$8 -> 0.75 | D60: ='Curvas SRY'!$B$14 -> Uso variable | E60: =57 -> 57 | F60: ='Hoja 4 - Cálculo'!A81 -> 31291 | G60: ='Hoja 4 - Cálculo'!H81 -> 21.745125 | H60: =IF(D60="Uso único",'Hoja 4 - Cálculo'!I81,IF(D60="Uso múltiple",AVERAGE('Hoja 4 - Cálculo'!$I$25:$I$384)+AVERAGE('Hoja 4 - Cálculo'!$J$25:$J$384)+AVERAGE('Hoja 4 - Cálculo'!$K$25:$K$384),IF(D60="Uso prioritario",'Hoja 4 - Cálculo'!I81+'Hoja 4 - Cálculo'!K81,'Hoja 4 - Cálculo'!I81+'Hoja 4 - Cálculo'!J81+'Hoja 4 - Cálculo'!K81))) -> 11.5 | I60: =H60*C60 -> 8.625 | J60: =N59 -> 0.8294446 | K60: =MIN(J60+G60,(J60+G60)*'Hoja 4 - Cálculo'!$B$15) -> 0.45149139 | L60: =MAX(0,J60+G60-K60) -> 22.123078 | M60: =MIN(I60,L60) -> 8.625 | N60: =MIN(B60,MAX(0,L60-M60)) -> 1 | O60: =MAX(0,L60-M60-B60) -> 12.498078 | P60: =MAX(0,I60-M60) -> 0 | Q60: =IF(M60>=I60*'Hoja 4 - Cálculo'!$B$16,"Satisfactorio","Falla") -> Satisfactorio | R60: =IF(AND(Q59="Falla",Q60="Satisfactorio"),1,0) -> 0 | S60: =IF(AND(Q60="Falla",Q59<>"Falla"),1,0) -> 0
A61: ="SRY-1-1" -> SRY-1-1 | B61: ='Curvas SRY'!$B$8 -> 1 | C61: ='Curvas SRY'!$E$8 -> 0.75 | D61: ='Curvas SRY'!$B$14 -> Uso variable | E61: =58 -> 58 | F61: ='Hoja 4 - Cálculo'!A82 -> 31321 | G61: ='Hoja 4 - Cálculo'!H82 -> 27.788625 | H61: =IF(D61="Uso único",'Hoja 4 - Cálculo'!I82,IF(D61="Uso múltiple",AVERAGE('Hoja 4 - Cálculo'!$I$25:$I$384)+AVERAGE('Hoja 4 - Cálculo'!$J$25:$J$384)+AVERAGE('Hoja 4 - Cálculo'!$K$25:$K$384),IF(D61="Uso prioritario",'Hoja 4 - Cálculo'!I82+'Hoja 4 - Cálculo'!K82,'Hoja 4 - Cálculo'!I82+'Hoja 4 - Cálculo'!J82+'Hoja 4 - Cálculo'!K82))) -> 11.5 | I61: =H61*C61 -> 8.625 | J61: =N60 -> 1 | K61: =MIN(J61+G61,(J61+G61)*'Hoja 4 - Cálculo'!$B$15) -> 0.5757725 | L61: =MAX(0,J61+G61-K61) -> 28.212853 | M61: =MIN(I61,L61) -> 8.625 | N61: =MIN(B61,MAX(0,L61-M61)) -> 1 | O61: =MAX(0,L61-M61-B61) -> 18.587853 | P61: =MAX(0,I61-M61) -> 0 | Q61: =IF(M61>=I61*'Hoja 4 - Cálculo'!$B$16,"Satisfactorio","Falla") -> Satisfactorio | R61: =IF(AND(Q60="Falla",Q61="Satisfactorio"),1,0) -> 0 | S61: =IF(AND(Q61="Falla",Q60<>"Falla"),1,0) -> 0
A62: ="SRY-1-1" -> SRY-1-1 | B62: ='Curvas SRY'!$B$8 -> 1 | C62: ='Curvas SRY'!$E$8 -> 0.75 | D62: ='Curvas SRY'!$B$14 -> Uso variable | E62: =59 -> 59 | F62: ='Hoja 4 - Cálculo'!A83 -> 31352 | G62: ='Hoja 4 - Cálculo'!H83 -> 22.22325 | H62: =IF(D62="Uso único",'Hoja 4 - Cálculo'!I83,IF(D62="Uso múltiple",AVERAGE('Hoja 4 - Cálculo'!$I$25:$I$384)+AVERAGE('Hoja 4 - Cálculo'!$J$25:$J$384)+AVERAGE('Hoja 4 - Cálculo'!$K$25:$K$384),IF(D62="Uso prioritario",'Hoja 4 - Cálculo'!I83+'Hoja 4 - Cálculo'!K83,'Hoja 4 - Cálculo'!I83+'Hoja 4 - Cálculo'!J83+'Hoja 4 - Cálculo'!K83))) -> 11.5 | I62: =H62*C62 -> 8.625 | J62: =N61 -> 1 | K62: =MIN(J62+G62,(J62+G62)*'Hoja 4 - Cálculo'!$B$15) -> 0.464465 | L62: =MAX(0,J62+G62-K62) -> 22.758785 | M62: =MIN(I62,L62) -> 8.625 | N62: =MIN(B62,MAX(0,L62-M62)) -> 1 | O62: =MAX(0,L62-M62-B62) -> 13.133785 | P62: =MAX(0,I62-M62) -> 0 | Q62: =IF(M62>=I62*'Hoja 4 - Cálculo'!$B$16,"Satisfactorio","Falla") -> Satisfactorio | R62: =IF(AND(Q61="Falla",Q62="Satisfactorio"),1,0) -> 0 | S62: =IF(AND(Q62="Falla",Q61<>"Falla"),1,0) -> 0
A63: ="SRY-1-1" -> SRY-1-1 | B63: ='Curvas SRY'!$B$8 -> 1 | C63: ='Curvas SRY'!$E$8 -> 0.75 | D63: ='Curvas SRY'!$B$14 -> Uso variable | E63: =60 -> 60 | F63: ='Hoja 4 - Cálculo'!A84 -> 31382 | G63: ='Hoja 4 - Cálculo'!H84 -> 14.171625 | H63: =IF(D63="Uso único",'Hoja 4 - Cálculo'!I84,IF(D63="Uso múltiple",AVERAGE('Hoja 4 - Cálculo'!$I$25:$I$384)+AVERAGE('Hoja 4 - Cálculo'!$J$25:$J$384)+AVERAGE('Hoja 4 - Cálculo'!$K$25:$K$384),IF(D63="Uso prioritario",'Hoja 4 - Cálculo'!I84+'Hoja 4 - Cálculo'!K84,'Hoja 4 - Cálculo'!I84+'Hoja 4 - Cálculo'!J84+'Hoja 4 - Cálculo'!K84))) -> 16 | I63: =H63*C63 -> 12 | J63: =N62 -> 1 | K63: =MIN(J63+G63,(J63+G63)*'Hoja 4 - Cálculo'!$B$15) -> 0.3034325 | L63: =MAX(0,J63+G63-K63) -> 14.868193 | M63: =MIN(I63,L63) -> 12 | N63: =MIN(B63,MAX(0,L63-M63)) -> 1 | O63: =MAX(0,L63-M63-B63) -> 1.8681925 | P63: =MAX(0,I63-M63) -> 0 | Q63: =IF(M63>=I63*'Hoja 4 - Cálculo'!$B$16,"Satisfactorio","Falla") -> Satisfactorio | R63: =IF(AND(Q62="Falla",Q63="Satisfactorio"),1,0) -> 0 | S63: =IF(AND(Q63="Falla",Q62<>"Falla"),1,0) -> 0
A64: ="SRY-1-1" -> SRY-1-1 | B64: ='Curvas SRY'!$B$8 -> 1 | C64: ='Curvas SRY'!$E$8 -> 0.75 | D64: ='Curvas SRY'!$B$14 -> Uso variable | E64: =61 -> 61 | F64: ='Hoja 4 - Cálculo'!A85 -> 31413 | G64: ='Hoja 4 - Cálculo'!H85 -> 12.641625 | H64: =IF(D64="Uso único",'Hoja 4 - Cálculo'!I85,IF(D64="Uso múltiple",AVERAGE('Hoja 4 - Cálculo'!$I$25:$I$384)+AVERAGE('Hoja 4 - Cálculo'!$J$25:$J$384)+AVERAGE('Hoja 4 - Cálculo'!$K$25:$K$384),IF(D64="Uso prioritario",'Hoja 4 - Cálculo'!I85+'Hoja 4 - Cálculo'!K85,'Hoja 4 - Cálculo'!I85+'Hoja 4 - Cálculo'!J85+'Hoja 4 - Cálculo'!K85))) -> 16 | I64: =H64*C64 -> 12 | J64: =N63 -> 1 | K64: =MIN(J64+G64,(J64+G64)*'Hoja 4 - Cálculo'!$B$15) -> 0.2728325 | L64: =MAX(0,J64+G64-K64) -> 13.368792 | M64: =MIN(I64,L64) -> 12 | N64: =MIN(B64,MAX(0,L64-M64)) -> 1 | O64: =MAX(0,L64-M64-B64) -> 0.3687925 | P64: =MAX(0,I64-M64) -> 0 | Q64: =IF(M64>=I64*'Hoja 4 - Cálculo'!$B$16,"Satisfactorio","Falla") -> Satisfactorio | R64: =IF(AND(Q63="Falla",Q64="Satisfactorio"),1,0) -> 0 | S64: =IF(AND(Q64="Falla",Q63<>"Falla"),1,0) -> 0
A65: ="SRY-1-1" -> SRY-1-1 | B65: ='Curvas SRY'!$B$8 -> 1 | C65: ='Curvas SRY'!$E$8 -> 0.75 | D65: ='Curvas SRY'!$B$14 -> Uso variable | E65: =62 -> 62 | F65: ='Hoja 4 - Cálculo'!A86 -> 31444 | G65: ='Hoja 4 - Cálculo'!H86 -> 15.357375 | H65: =IF(D65="Uso único",'Hoja 4 - Cálculo'!I86,IF(D65="Uso múltiple",AVERAGE('Hoja 4 - Cálculo'!$I$25:$I$384)+AVERAGE('Hoja 4 - Cálculo'!$J$25:$J$384)+AVERAGE('Hoja 4 - Cálculo'!$K$25:$K$384),IF(D65="Uso prioritario",'Hoja 4 - Cálculo'!I86+'Hoja 4 - Cálculo'!K86,'Hoja 4 - Cálculo'!I86+'Hoja 4 - Cálculo'!J86+'Hoja 4 - Cálculo'!K86))) -> 16 | I65: =H65*C65 -> 12 | J65: =N64 -> 1 | K65: =MIN(J65+G65,(J65+G65)*'Hoja 4 - Cálculo'!$B$15) -> 0.3271475 | L65: =MAX(0,J65+G65-K65) -> 16.030227 | M65: =MIN(I65,L65) -> 12 | N65: =MIN(B65,MAX(0,L65-M65)) -> 1 | O65: =MAX(0,L65-M65-B65) -> 3.0302275 | P65: =MAX(0,I65-M65) -> 0 | Q65: =IF(M65>=I65*'Hoja 4 - Cálculo'!$B$16,"Satisfactorio","Falla") -> Satisfactorio | R65: =IF(AND(Q64="Falla",Q65="Satisfactorio"),1,0) -> 0 | S65: =IF(AND(Q65="Falla",Q64<>"Falla"),1,0) -> 0
A66: ="SRY-1-1" -> SRY-1-1 | B66: ='Curvas SRY'!$B$8 -> 1 | C66: ='Curvas SRY'!$E$8 -> 0.75 | D66: ='Curvas SRY'!$B$14 -> Uso variable | E66: =63 -> 63 | F66: ='Hoja 4 - Cálculo'!A87 -> 31472 | G66: ='Hoja 4 - Cálculo'!H87 -> 20.84625 | H66: =IF(D66="Uso único",'Hoja 4 - Cálculo'!I87,IF(D66="Uso múltiple",AVERAGE('Hoja 4 - Cálculo'!$I$25:$I$384)+AVERAGE('Hoja 4 - Cálculo'!$J$25:$J$384)+AVERAGE('Hoja 4 - Cálculo'!$K$25:$K$384),IF(D66="Uso prioritario",'Hoja 4 - Cálculo'!I87+'Hoja 4 - Cálculo'!K87,'Hoja 4 - Cálculo'!I87+'Hoja 4 - Cálculo'!J87+'Hoja 4 - Cálculo'!K87))) -> 16 | I66: =H66*C66 -> 12 | J66: =N65 -> 1 | K66: =MIN(J66+G66,(J66+G66)*'Hoja 4 - Cálculo'!$B$15) -> 0.436925 | L66: =MAX(0,J66+G66-K66) -> 21.409325 | M66: =MIN(I66,L66) -> 12 | N66: =MIN(B66,MAX(0,L66-M66)) -> 1 | O66: =MAX(0,L66-M66-B66) -> 8.409325 | P66: =MAX(0,I66-M66) -> 0 | Q66: =IF(M66>=I66*'Hoja 4 - Cálculo'!$B$16,"Satisfactorio","Falla") -> Satisfactorio | R66: =IF(AND(Q65="Falla",Q66="Satisfactorio"),1,0) -> 0 | S66: =IF(AND(Q66="Falla",Q65<>"Falla"),1,0) -> 0
A67: ="SRY-1-1" -> SRY-1-1 | B67: ='Curvas SRY'!$B$8 -> 1 | C67: ='Curvas SRY'!$E$8 -> 0.75 | D67: ='Curvas SRY'!$B$14 -> Uso variable | E67: =64 -> 64 | F67: ='Hoja 4 - Cálculo'!A88 -> 31503 | G67: ='Hoja 4 - Cálculo'!H88 -> 30.63825 | H67: =IF(D67="Uso único",'Hoja 4 - Cálculo'!I88,IF(D67="Uso múltiple",AVERAGE('Hoja 4 - Cálculo'!$I$25:$I$384)+AVERAGE('Hoja 4 - Cálculo'!$J$25:$J$384)+AVERAGE('Hoja 4 - Cálculo'!$K$25:$K$384),IF(D67="Uso prioritario",'Hoja 4 - Cálculo'!I88+'Hoja 4 - Cálculo'!K88,'Hoja 4 - Cálculo'!I88+'Hoja 4 - Cálculo'!J88+'Hoja 4 - Cálculo'!K88))) -> 11.5 | I67: =H67*C67 -> 8.625 | J67: =N66 -> 1 | K67: =MIN(J67+G67,(J67+G67)*'Hoja 4 - Cálculo'!$B$15) -> 0.632765 | L67: =MAX(0,J67+G67-K67) -> 31.005485 | M67: =MIN(I67,L67) -> 8.625 | N67: =MIN(B67,MAX(0,L67-M67)) -> 1 | O67: =MAX(0,L67-M67-B67) -> 21.380485 | P67: =MAX(0,I67-M67) -> 0 | Q67: =IF(M67>=I67*'Hoja 4 - Cálculo'!$B$16,"Satisfactorio","Falla") -> Satisfactorio | R67: =IF(AND(Q66="Falla",Q67="Satisfactorio"),1,0) -> 0 | S67: =IF(AND(Q67="Falla",Q66<>"Falla"),1,0) -> 0
A68: ="SRY-1-1" -> SRY-1-1 | B68: ='Curvas SRY'!$B$8 -> 1 | C68: ='Curvas SRY'!$E$8 -> 0.75 | D68: ='Curvas SRY'!$B$14 -> Uso variable | E68: =65 -> 65 | F68: ='Hoja 4 - Cálculo'!A89 -> 31533 | G68: ='Hoja 4 - Cálculo'!H89 -> 28.438875 | H68: =IF(D68="Uso único",'Hoja 4 - Cálculo'!I89,IF(D68="Uso múltiple",AVERAGE('Hoja 4 - Cálculo'!$I$25:$I$384)+AVERAGE('Hoja 4 - Cálculo'!$J$25:$J$384)+AVERAGE('Hoja 4 - Cálculo'!$K$25:$K$384),IF(D68="Uso prioritario",'Hoja 4 - Cálculo'!I89+'Hoja 4 - Cálculo'!K89,'Hoja 4 - Cálculo'!I89+'Hoja 4 - Cálculo'!J89+'Hoja 4 - Cálculo'!K89))) -> 11.5 | I68: =H68*C68 -> 8.625 | J68: =N67 -> 1 | K68: =MIN(J68+G68,(J68+G68)*'Hoja 4 - Cálculo'!$B$15) -> 0.5887775 | L68: =MAX(0,J68+G68-K68) -> 28.850098 | M68: =MIN(I68,L68) -> 8.625 | N68: =MIN(B68,MAX(0,L68-M68)) -> 1 | O68: =MAX(0,L68-M68-B68) -> 19.225098 | P68: =MAX(0,I68-M68) -> 0 | Q68: =IF(M68>=I68*'Hoja 4 - Cálculo'!$B$16,"Satisfactorio","Falla") -> Satisfactorio | R68: =IF(AND(Q67="Falla",Q68="Satisfactorio"),1,0) -> 0 | S68: =IF(AND(Q68="Falla",Q67<>"Falla"),1,0) -> 0
A69: ="SRY-1-1" -> SRY-1-1 | B69: ='Curvas SRY'!$B$8 -> 1 | C69: ='Curvas SRY'!$E$8 -> 0.75 | D69: ='Curvas SRY'!$B$14 -> Uso variable | E69: =66 -> 66 | F69: ='Hoja 4 - Cálculo'!A90 -> 31564 | G69: ='Hoja 4 - Cálculo'!H90 -> 16.007625 | H69: =IF(D69="Uso único",'Hoja 4 - Cálculo'!I90,IF(D69="Uso múltiple",AVERAGE('Hoja 4 - Cálculo'!$I$25:$I$384)+AVERAGE('Hoja 4 - Cálculo'!$J$25:$J$384)+AVERAGE('Hoja 4 - Cálculo'!$K$25:$K$384),IF(D69="Uso prioritario",'Hoja 4 - Cálculo'!I90+'Hoja 4 - Cálculo'!K90,'Hoja 4 - Cálculo'!I90+'Hoja 4 - Cálculo'!J90+'Hoja 4 - Cálculo'!K90))) -> 11.5 | I69: =H69*C69 -> 8.625 | J69: =N68 -> 1 | K69: =MIN(J69+G69,(J69+G69)*'Hoja 4 - Cálculo'!$B$15) -> 0.3401525 | L69: =MAX(0,J69+G69-K69) -> 16.667473 | M69: =MIN(I69,L69) -> 8.625 | N69: =MIN(B69,MAX(0,L69-M69)) -> 1 | O69: =MAX(0,L69-M69-B69) -> 7.0424725 | P69: =MAX(0,I69-M69) -> 0 | Q69: =IF(M69>=I69*'Hoja 4 - Cálculo'!$B$16,"Satisfactorio","Falla") -> Satisfactorio | R69: =IF(AND(Q68="Falla",Q69="Satisfactorio"),1,0) -> 0 | S69: =IF(AND(Q69="Falla",Q68<>"Falla"),1,0) -> 0
A70: ="SRY-1-1" -> SRY-1-1 | B70: ='Curvas SRY'!$B$8 -> 1 | C70: ='Curvas SRY'!$E$8 -> 0.75 | D70: ='Curvas SRY'!$B$14 -> Uso variable | E70: =67 -> 67 | F70: ='Hoja 4 - Cálculo'!A91 -> 31594 | G70: ='Hoja 4 - Cálculo'!H91 -> 14.056875 | H70: =IF(D70="Uso único",'Hoja 4 - Cálculo'!I91,IF(D70="Uso múltiple",AVERAGE('Hoja 4 - Cálculo'!$I$25:$I$384)+AVERAGE('Hoja 4 - Cálculo'!$J$25:$J$384)+AVERAGE('Hoja 4 - Cálculo'!$K$25:$K$384),IF(D70="Uso prioritario",'Hoja 4 - Cálculo'!I91+'Hoja 4 - Cálculo'!K91,'Hoja 4 - Cálculo'!I91+'Hoja 4 - Cálculo'!J91+'Hoja 4 - Cálculo'!K91))) -> 16 | I70: =H70*C70 -> 12 | J70: =N69 -> 1 | K70: =MIN(J70+G70,(J70+G70)*'Hoja 4 - Cálculo'!$B$15) -> 0.3011375 | L70: =MAX(0,J70+G70-K70) -> 14.755738 | M70: =MIN(I70,L70) -> 12 | N70: =MIN(B70,MAX(0,L70-M70)) -> 1 | O70: =MAX(0,L70-M70-B70) -> 1.7557375 | P70: =MAX(0,I70-M70) -> 0 | Q70: =IF(M70>=I70*'Hoja 4 - Cálculo'!$B$16,"Satisfactorio","Falla") -> Satisfactorio | R70: =IF(AND(Q69="Falla",Q70="Satisfactorio"),1,0) -> 0 | S70: =IF(AND(Q70="Falla",Q69<>"Falla"),1,0) -> 0
A71: ="SRY-1-1" -> SRY-1-1 | B71: ='Curvas SRY'!$B$8 -> 1 | C71: ='Curvas SRY'!$E$8 -> 0.75 | D71: ='Curvas SRY'!$B$14 -> Uso variable | E71: =68 -> 68 | F71: ='Hoja 4 - Cálculo'!A92 -> 31625 | G71: ='Hoja 4 - Cálculo'!H92 -> 15.03225 | H71: =IF(D71="Uso único",'Hoja 4 - Cálculo'!I92,IF(D71="Uso múltiple",AVERAGE('Hoja 4 - Cálculo'!$I$25:$I$384)+AVERAGE('Hoja 4 - Cálculo'!$J$25:$J$384)+AVERAGE('Hoja 4 - Cálculo'!$K$25:$K$384),IF(D71="Uso prioritario",'Hoja 4 - Cálculo'!I92+'Hoja 4 - Cálculo'!K92,'Hoja 4 - Cálculo'!I92+'Hoja 4 - Cálculo'!J92+'Hoja 4 - Cálculo'!K92))) -> 16 | I71: =H71*C71 -> 12 | J71: =N70 -> 1 | K71: =MIN(J71+G71,(J71+G71)*'Hoja 4 - Cálculo'!$B$15) -> 0.320645 | L71: =MAX(0,J71+G71-K71) -> 15.711605 | M71: =MIN(I71,L71) -> 12 | N71: =MIN(B71,MAX(0,L71-M71)) -> 1 | O71: =MAX(0,L71-M71-B71) -> 2.711605 | P71: =MAX(0,I71-M71) -> 0 | Q71: =IF(M71>=I71*'Hoja 4 - Cálculo'!$B$16,"Satisfactorio","Falla") -> Satisfactorio | R71: =IF(AND(Q70="Falla",Q71="Satisfactorio"),1,0) -> 0 | S71: =IF(AND(Q71="Falla",Q70<>"Falla"),1,0) -> 0
A72: ="SRY-1-1" -> SRY-1-1 | B72: ='Curvas SRY'!$B$8 -> 1 | C72: ='Curvas SRY'!$E$8 -> 0.75 | D72: ='Curvas SRY'!$B$14 -> Uso variable | E72: =69 -> 69 | F72: ='Hoja 4 - Cálculo'!A93 -> 31656 | G72: ='Hoja 4 - Cálculo'!H93 -> 22.60575 | H72: =IF(D72="Uso único",'Hoja 4 - Cálculo'!I93,IF(D72="Uso múltiple",AVERAGE('Hoja 4 - Cálculo'!$I$25:$I$384)+AVERAGE('Hoja 4 - Cálculo'!$J$25:$J$384)+AVERAGE('Hoja 4 - Cálculo'!$K$25:$K$384),IF(D72="Uso prioritario",'Hoja 4 - Cálculo'!I93+'Hoja 4 - Cálculo'!K93,'Hoja 4 - Cálculo'!I93+'Hoja 4 - Cálculo'!J93+'Hoja 4 - Cálculo'!K93))) -> 11.5 | I72: =H72*C72 -> 8.625 | J72: =N71 -> 1 | K72: =MIN(J72+G72,(J72+G72)*'Hoja 4 - Cálculo'!$B$15) -> 0.472115 | L72: =MAX(0,J72+G72-K72) -> 23.133635 | M72: =MIN(I72,L72) -> 8.625 | N72: =MIN(B72,MAX(0,L72-M72)) -> 1 | O72: =MAX(0,L72-M72-B72) -> 13.508635 | P72: =MAX(0,I72-M72) -> 0 | Q72: =IF(M72>=I72*'Hoja 4 - Cálculo'!$B$16,"Satisfactorio","Falla") -> Satisfactorio | R72: =IF(AND(Q71="Falla",Q72="Satisfactorio"),1,0) -> 0 | S72: =IF(AND(Q72="Falla",Q71<>"Falla"),1,0) -> 0
A73: ="SRY-1-1" -> SRY-1-1 | B73: ='Curvas SRY'!$B$8 -> 1 | C73: ='Curvas SRY'!$E$8 -> 0.75 | D73: ='Curvas SRY'!$B$14 -> Uso variable | E73: =70 -> 70 | F73: ='Hoja 4 - Cálculo'!A94 -> 31686 | G73: ='Hoja 4 - Cálculo'!H94 -> 32.531625 | H73: =IF(D73="Uso único",'Hoja 4 - Cálculo'!I94,IF(D73="Uso múltiple",AVERAGE('Hoja 4 - Cálculo'!$I$25:$I$384)+AVERAGE('Hoja 4 - Cálculo'!$J$25:$J$384)+AVERAGE('Hoja 4 - Cálculo'!$K$25:$K$384),IF(D73="Uso prioritario",'Hoja 4 - Cálculo'!I94+'Hoja 4 - Cálculo'!K94,'Hoja 4 - Cálculo'!I94+'Hoja 4 - Cálculo'!J94+'Hoja 4 - Cálculo'!K94))) -> 11.5 | I73: =H73*C73 -> 8.625 | J73: =N72 -> 1 | K73: =MIN(J73+G73,(J73+G73)*'Hoja 4 - Cálculo'!$B$15) -> 0.6706325 | L73: =MAX(0,J73+G73-K73) -> 32.860992 | M73: =MIN(I73,L73) -> 8.625 | N73: =MIN(B73,MAX(0,L73-M73)) -> 1 | O73: =MAX(0,L73-M73-B73) -> 23.235992 | P73: =MAX(0,I73-M73) -> 0 | Q73: =IF(M73>=I73*'Hoja 4 - Cálculo'!$B$16,"Satisfactorio","Falla") -> Satisfactorio | R73: =IF(AND(Q72="Falla",Q73="Satisfactorio"),1,0) -> 0 | S73: =IF(AND(Q73="Falla",Q72<>"Falla"),1,0) -> 0
A74: ="SRY-1-1" -> SRY-1-1 | B74: ='Curvas SRY'!$B$8 -> 1 | C74: ='Curvas SRY'!$E$8 -> 0.75 | D74: ='Curvas SRY'!$B$14 -> Uso variable | E74: =71 -> 71 | F74: ='Hoja 4 - Cálculo'!A95 -> 31717 | G74: ='Hoja 4 - Cálculo'!H95 -> 26.641125 | H74: =IF(D74="Uso único",'Hoja 4 - Cálculo'!I95,IF(D74="Uso múltiple",AVERAGE('Hoja 4 - Cálculo'!$I$25:$I$384)+AVERAGE('Hoja 4 - Cálculo'!$J$25:$J$384)+AVERAGE('Hoja 4 - Cálculo'!$K$25:$K$384),IF(D74="Uso prioritario",'Hoja 4 - Cálculo'!I95+'Hoja 4 - Cálculo'!K95,'Hoja 4 - Cálculo'!I95+'Hoja 4 - Cálculo'!J95+'Hoja 4 - Cálculo'!K95))) -> 11.5 | I74: =H74*C74 -> 8.625 | J74: =N73 -> 1 | K74: =MIN(J74+G74,(J74+G74)*'Hoja 4 - Cálculo'!$B$15) -> 0.5528225 | L74: =MAX(0,J74+G74-K74) -> 27.088302 | M74: =MIN(I74,L74) -> 8.625 | N74: =MIN(B74,MAX(0,L74-M74)) -> 1 | O74: =MAX(0,L74-M74-B74) -> 17.463302 | P74: =MAX(0,I74-M74) -> 0 | Q74: =IF(M74>=I74*'Hoja 4 - Cálculo'!$B$16,"Satisfactorio","Falla") -> Satisfactorio | R74: =IF(AND(Q73="Falla",Q74="Satisfactorio"),1,0) -> 0 | S74: =IF(AND(Q74="Falla",Q73<>"Falla"),1,0) -> 0
A75: ="SRY-1-1" -> SRY-1-1 | B75: ='Curvas SRY'!$B$8 -> 1 | C75: ='Curvas SRY'!$E$8 -> 0.75 | D75: ='Curvas SRY'!$B$14 -> Uso variable | E75: =72 -> 72 | F75: ='Hoja 4 - Cálculo'!A96 -> 31747 | G75: ='Hoja 4 - Cálculo'!H96 -> 15.166125 | H75: =IF(D75="Uso único",'Hoja 4 - Cálculo'!I96,IF(D75="Uso múltiple",AVERAGE('Hoja 4 - Cálculo'!$I$25:$I$384)+AVERAGE('Hoja 4 - Cálculo'!$J$25:$J$384)+AVERAGE('Hoja 4 - Cálculo'!$K$25:$K$384),IF(D75="Uso prioritario",'Hoja 4 - Cálculo'!I96+'Hoja 4 - Cálculo'!K96,'Hoja 4 - Cálculo'!I96+'Hoja 4 - Cálculo'!J96+'Hoja 4 - Cálculo'!K96))) -> 16 | I75: =H75*C75 -> 12 | J75: =N74 -> 1 | K75: =MIN(J75+G75,(J75+G75)*'Hoja 4 - Cálculo'!$B$15) -> 0.3233225 | L75: =MAX(0,J75+G75-K75) -> 15.842803 | M75: =MIN(I75,L75) -> 12 | N75: =MIN(B75,MAX(0,L75-M75)) -> 1 | O75: =MAX(0,L75-M75-B75) -> 2.8428025 | P75: =MAX(0,I75-M75) -> 0 | Q75: =IF(M75>=I75*'Hoja 4 - Cálculo'!$B$16,"Satisfactorio","Falla") -> Satisfactorio | R75: =IF(AND(Q74="Falla",Q75="Satisfactorio"),1,0) -> 0 | S75: =IF(AND(Q75="Falla",Q74<>"Falla"),1,0) -> 0
A76: ="SRY-1-1" -> SRY-1-1 | B76: ='Curvas SRY'!$B$8 -> 1 | C76: ='Curvas SRY'!$E$8 -> 0.75 | D76: ='Curvas SRY'!$B$14 -> Uso variable | E76: =73 -> 73 | F76: ='Hoja 4 - Cálculo'!A97 -> 31778 | G76: ='Hoja 4 - Cálculo'!H97 -> 14.056875 | H76: =IF(D76="Uso único",'Hoja 4 - Cálculo'!I97,IF(D76="Uso múltiple",AVERAGE('Hoja 4 - Cálculo'!$I$25:$I$384)+AVERAGE('Hoja 4 - Cálculo'!$J$25:$J$384)+AVERAGE('Hoja 4 - Cálculo'!$K$25:$K$384),IF(D76="Uso prioritario",'Hoja 4 - Cálculo'!I97+'Hoja 4 - Cálculo'!K97,'Hoja 4 - Cálculo'!I97+'Hoja 4 - Cálculo'!J97+'Hoja 4 - Cálculo'!K97))) -> 16 | I76: =H76*C76 -> 12 | J76: =N75 -> 1 | K76: =MIN(J76+G76,(J76+G76)*'Hoja 4 - Cálculo'!$B$15) -> 0.3011375 | L76: =MAX(0,J76+G76-K76) -> 14.755738 | M76: =MIN(I76,L76) -> 12 | N76: =MIN(B76,MAX(0,L76-M76)) -> 1 | O76: =MAX(0,L76-M76-B76) -> 1.7557375 | P76: =MAX(0,I76-M76) -> 0 | Q76: =IF(M76>=I76*'Hoja 4 - Cálculo'!$B$16,"Satisfactorio","Falla") -> Satisfactorio | R76: =IF(AND(Q75="Falla",Q76="Satisfactorio"),1,0) -> 0 | S76: =IF(AND(Q76="Falla",Q75<>"Falla"),1,0) -> 0
A77: ="SRY-1-1" -> SRY-1-1 | B77: ='Curvas SRY'!$B$8 -> 1 | C77: ='Curvas SRY'!$E$8 -> 0.75 | D77: ='Curvas SRY'!$B$14 -> Uso variable | E77: =74 -> 74 | F77: ='Hoja 4 - Cálculo'!A98 -> 31809 | G77: ='Hoja 4 - Cálculo'!H98 -> 15.969375 | H77: =IF(D77="Uso único",'Hoja 4 - Cálculo'!I98,IF(D77="Uso múltiple",AVERAGE('Hoja 4 - Cálculo'!$I$25:$I$384)+AVERAGE('Hoja 4 - Cálculo'!$J$25:$J$384)+AVERAGE('Hoja 4 - Cálculo'!$K$25:$K$384),IF(D77="Uso prioritario",'Hoja 4 - Cálculo'!I98+'Hoja 4 - Cálculo'!K98,'Hoja 4 - Cálculo'!I98+'Hoja 4 - Cálculo'!J98+'Hoja 4 - Cálculo'!K98))) -> 16 | I77: =H77*C77 -> 12 | J77: =N76 -> 1 | K77: =MIN(J77+G77,(J77+G77)*'Hoja 4 - Cálculo'!$B$15) -> 0.3393875 | L77: =MAX(0,J77+G77-K77) -> 16.629987 | M77: =MIN(I77,L77) -> 12 | N77: =MIN(B77,MAX(0,L77-M77)) -> 1 | O77: =MAX(0,L77-M77-B77) -> 3.6299875 | P77: =MAX(0,I77-M77) -> 0 | Q77: =IF(M77>=I77*'Hoja 4 - Cálculo'!$B$16,"Satisfactorio","Falla") -> Satisfactorio | R77: =IF(AND(Q76="Falla",Q77="Satisfactorio"),1,0) -> 0 | S77: =IF(AND(Q77="Falla",Q76<>"Falla"),1,0) -> 0
A78: ="SRY-1-1" -> SRY-1-1 | B78: ='Curvas SRY'!$B$8 -> 1 | C78: ='Curvas SRY'!$E$8 -> 0.75 | D78: ='Curvas SRY'!$B$14 -> Uso variable | E78: =75 -> 75 | F78: ='Hoja 4 - Cálculo'!A99 -> 31837 | G78: ='Hoja 4 - Cálculo'!H99 -> 22.797 | H78: =IF(D78="Uso único",'Hoja 4 - Cálculo'!I99,IF(D78="Uso múltiple",AVERAGE('Hoja 4 - Cálculo'!$I$25:$I$384)+AVERAGE('Hoja 4 - Cálculo'!$J$25:$J$384)+AVERAGE('Hoja 4 - Cálculo'!$K$25:$K$384),IF(D78="Uso prioritario",'Hoja 4 - Cálculo'!I99+'Hoja 4 - Cálculo'!K99,'Hoja 4 - Cálculo'!I99+'Hoja 4 - Cálculo'!J99+'Hoja 4 - Cálculo'!K99))) -> 16 | I78: =H78*C78 -> 12 | J78: =N77 -> 1 | K78: =MIN(J78+G78,(J78+G78)*'Hoja 4 - Cálculo'!$B$15) -> 0.47594 | L78: =MAX(0,J78+G78-K78) -> 23.32106 | M78: =MIN(I78,L78) -> 12 | N78: =MIN(B78,MAX(0,L78-M78)) -> 1 | O78: =MAX(0,L78-M78-B78) -> 10.32106 | P78: =MAX(0,I78-M78) -> 0 | Q78: =IF(M78>=I78*'Hoja 4 - Cálculo'!$B$16,"Satisfactorio","Falla") -> Satisfactorio | R78: =IF(AND(Q77="Falla",Q78="Satisfactorio"),1,0) -> 0 | S78: =IF(AND(Q78="Falla",Q77<>"Falla"),1,0) -> 0
A79: ="SRY-1-1" -> SRY-1-1 | B79: ='Curvas SRY'!$B$8 -> 1 | C79: ='Curvas SRY'!$E$8 -> 0.75 | D79: ='Curvas SRY'!$B$14 -> Uso variable | E79: =76 -> 76 | F79: ='Hoja 4 - Cálculo'!A100 -> 31868 | G79: ='Hoja 4 - Cálculo'!H100 -> 34.138125 | H79: =IF(D79="Uso único",'Hoja 4 - Cálculo'!I100,IF(D79="Uso múltiple",AVERAGE('Hoja 4 - Cálculo'!$I$25:$I$384)+AVERAGE('Hoja 4 - Cálculo'!$J$25:$J$384)+AVERAGE('Hoja 4 - Cálculo'!$K$25:$K$384),IF(D79="Uso prioritario",'Hoja 4 - Cálculo'!I100+'Hoja 4 - Cálculo'!K100,'Hoja 4 - Cálculo'!I100+'Hoja 4 - Cálculo'!J100+'Hoja 4 - Cálculo'!K100))) -> 11.5 | I79: =H79*C79 -> 8.625 | J79: =N78 -> 1 | K79: =MIN(J79+G79,(J79+G79)*'Hoja 4 - Cálculo'!$B$15) -> 0.7027625 | L79: =MAX(0,J79+G79-K79) -> 34.435363 | M79: =MIN(I79,L79) -> 8.625 | N79: =MIN(B79,MAX(0,L79-M79)) -> 1 | O79: =MAX(0,L79-M79-B79) -> 24.810363 | P79: =MAX(0,I79-M79) -> 0 | Q79: =IF(M79>=I79*'Hoja 4 - Cálculo'!$B$16,"Satisfactorio","Falla") -> Satisfactorio | R79: =IF(AND(Q78="Falla",Q79="Satisfactorio"),1,0) -> 0 | S79: =IF(AND(Q79="Falla",Q78<>"Falla"),1,0) -> 0
A80: ="SRY-1-1" -> SRY-1-1 | B80: ='Curvas SRY'!$B$8 -> 1 | C80: ='Curvas SRY'!$E$8 -> 0.75 | D80: ='Curvas SRY'!$B$14 -> Uso variable | E80: =77 -> 77 | F80: ='Hoja 4 - Cálculo'!A101 -> 31898 | G80: ='Hoja 4 - Cálculo'!H101 -> 28.5345 | H80: =IF(D80="Uso único",'Hoja 4 - Cálculo'!I101,IF(D80="Uso múltiple",AVERAGE('Hoja 4 - Cálculo'!$I$25:$I$384)+AVERAGE('Hoja 4 - Cálculo'!$J$25:$J$384)+AVERAGE('Hoja 4 - Cálculo'!$K$25:$K$384),IF(D80="Uso prioritario",'Hoja 4 - Cálculo'!I101+'Hoja 4 - Cálculo'!K101,'Hoja 4 - Cálculo'!I101+'Hoja 4 - Cálculo'!J101+'Hoja 4 - Cálculo'!K101))) -> 11.5 | I80: =H80*C80 -> 8.625 | J80: =N79 -> 1 | K80: =MIN(J80+G80,(J80+G80)*'Hoja 4 - Cálculo'!$B$15) -> 0.59069 | L80: =MAX(0,J80+G80-K80) -> 28.94381 | M80: =MIN(I80,L80) -> 8.625 | N80: =MIN(B80,MAX(0,L80-M80)) -> 1 | O80: =MAX(0,L80-M80-B80) -> 19.31881 | P80: =MAX(0,I80-M80) -> 0 | Q80: =IF(M80>=I80*'Hoja 4 - Cálculo'!$B$16,"Satisfactorio","Falla") -> Satisfactorio | R80: =IF(AND(Q79="Falla",Q80="Satisfactorio"),1,0) -> 0 | S80: =IF(AND(Q80="Falla",Q79<>"Falla"),1,0) -> 0
A81: ="SRY-1-1" -> SRY-1-1 | B81: ='Curvas SRY'!$B$8 -> 1 | C81: ='Curvas SRY'!$E$8 -> 0.75 | D81: ='Curvas SRY'!$B$14 -> Uso variable | E81: =78 -> 78 | F81: ='Hoja 4 - Cálculo'!A102 -> 31929 | G81: ='Hoja 4 - Cálculo'!H102 -> 18.5895 | H81: =IF(D81="Uso único",'Hoja 4 - Cálculo'!I102,IF(D81="Uso múltiple",AVERAGE('Hoja 4 - Cálculo'!$I$25:$I$384)+AVERAGE('Hoja 4 - Cálculo'!$J$25:$J$384)+AVERAGE('Hoja 4 - Cálculo'!$K$25:$K$384),IF(D81="Uso prioritario",'Hoja 4 - Cálculo'!I102+'Hoja 4 - Cálculo'!K102,'Hoja 4 - Cálculo'!I102+'Hoja 4 - Cálculo'!J102+'Hoja 4 - Cálculo'!K102))) -> 11.5 | I81: =H81*C81 -> 8.625 | J81: =N80 -> 1 | K81: =MIN(J81+G81,(J81+G81)*'Hoja 4 - Cálculo'!$B$15) -> 0.39179 | L81: =MAX(0,J81+G81-K81) -> 19.19771 | M81: =MIN(I81,L81) -> 8.625 | N81: =MIN(B81,MAX(0,L81-M81)) -> 1 | O81: =MAX(0,L81-M81-B81) -> 9.57271 | P81: =MAX(0,I81-M81) -> 0 | Q81: =IF(M81>=I81*'Hoja 4 - Cálculo'!$B$16,"Satisfactorio","Falla") -> Satisfactorio | R81: =IF(AND(Q80="Falla",Q81="Satisfactorio"),1,0) -> 0 | S81: =IF(AND(Q81="Falla",Q80<>"Falla"),1,0) -> 0
A82: ="SRY-1-1" -> SRY-1-1 | B82: ='Curvas SRY'!$B$8 -> 1 | C82: ='Curvas SRY'!$E$8 -> 0.75 | D82: ='Curvas SRY'!$B$14 -> Uso variable | E82: =79 -> 79 | F82: ='Hoja 4 - Cálculo'!A103 -> 31959 | G82: ='Hoja 4 - Cálculo'!H103 -> 14.688 | H82: =IF(D82="Uso único",'Hoja 4 - Cálculo'!I103,IF(D82="Uso múltiple",AVERAGE('Hoja 4 - Cálculo'!$I$25:$I$384)+AVERAGE('Hoja 4 - Cálculo'!$J$25:$J$384)+AVERAGE('Hoja 4 - Cálculo'!$K$25:$K$384),IF(D82="Uso prioritario",'Hoja 4 - Cálculo'!I103+'Hoja 4 - Cálculo'!K103,'Hoja 4 - Cálculo'!I103+'Hoja 4 - Cálculo'!J103+'Hoja 4 - Cálculo'!K103))) -> 16 | I82: =H82*C82 -> 12 | J82: =N81 -> 1 | K82: =MIN(J82+G82,(J82+G82)*'Hoja 4 - Cálculo'!$B$15) -> 0.31376 | L82: =MAX(0,J82+G82-K82) -> 15.37424 | M82: =MIN(I82,L82) -> 12 | N82: =MIN(B82,MAX(0,L82-M82)) -> 1 | O82: =MAX(0,L82-M82-B82) -> 2.37424 | P82: =MAX(0,I82-M82) -> 0 | Q82: =IF(M82>=I82*'Hoja 4 - Cálculo'!$B$16,"Satisfactorio","Falla") -> Satisfactorio | R82: =IF(AND(Q81="Falla",Q82="Satisfactorio"),1,0) -> 0 | S82: =IF(AND(Q82="Falla",Q81<>"Falla"),1,0) -> 0
A83: ="SRY-1-1" -> SRY-1-1 | B83: ='Curvas SRY'!$B$8 -> 1 | C83: ='Curvas SRY'!$E$8 -> 0.75 | D83: ='Curvas SRY'!$B$14 -> Uso variable | E83: =80 -> 80 | F83: ='Hoja 4 - Cálculo'!A104 -> 31990 | G83: ='Hoja 4 - Cálculo'!H104 -> 15.759 | H83: =IF(D83="Uso único",'Hoja 4 - Cálculo'!I104,IF(D83="Uso múltiple",AVERAGE('Hoja 4 - Cálculo'!$I$25:$I$384)+AVERAGE('Hoja 4 - Cálculo'!$J$25:$J$384)+AVERAGE('Hoja 4 - Cálculo'!$K$25:$K$384),IF(D83="Uso prioritario",'Hoja 4 - Cálculo'!I104+'Hoja 4 - Cálculo'!K104,'Hoja 4 - Cálculo'!I104+'Hoja 4 - Cálculo'!J104+'Hoja 4 - Cálculo'!K104))) -> 16 | I83: =H83*C83 -> 12 | J83: =N82 -> 1 | K83: =MIN(J83+G83,(J83+G83)*'Hoja 4 - Cálculo'!$B$15) -> 0.33518 | L83: =MAX(0,J83+G83-K83) -> 16.42382 | M83: =MIN(I83,L83) -> 12 | N83: =MIN(B83,MAX(0,L83-M83)) -> 1 | O83: =MAX(0,L83-M83-B83) -> 3.42382 | P83: =MAX(0,I83-M83) -> 0 | Q83: =IF(M83>=I83*'Hoja 4 - Cálculo'!$B$16,"Satisfactorio","Falla") -> Satisfactorio | R83: =IF(AND(Q82="Falla",Q83="Satisfactorio"),1,0) -> 0 | S83: =IF(AND(Q83="Falla",Q82<>"Falla"),1,0) -> 0
A84: ="SRY-1-1" -> SRY-1-1 | B84: ='Curvas SRY'!$B$8 -> 1 | C84: ='Curvas SRY'!$E$8 -> 0.75 | D84: ='Curvas SRY'!$B$14 -> Uso variable | E84: =81 -> 81 | F84: ='Hoja 4 - Cálculo'!A105 -> 32021 | G84: ='Hoja 4 - Cálculo'!H105 -> 26.220375 | H84: =IF(D84="Uso único",'Hoja 4 - Cálculo'!I105,IF(D84="Uso múltiple",AVERAGE('Hoja 4 - Cálculo'!$I$25:$I$384)+AVERAGE('Hoja 4 - Cálculo'!$J$25:$J$384)+AVERAGE('Hoja 4 - Cálculo'!$K$25:$K$384),IF(D84="Uso prioritario",'Hoja 4 - Cálculo'!I105+'Hoja 4 - Cálculo'!K105,'Hoja 4 - Cálculo'!I105+'Hoja 4 - Cálculo'!J105+'Hoja 4 - Cálculo'!K105))) -> 11.5 | I84: =H84*C84 -> 8.625 | J84: =N83 -> 1 | K84: =MIN(J84+G84,(J84+G84)*'Hoja 4 - Cálculo'!$B$15) -> 0.5444075 | L84: =MAX(0,J84+G84-K84) -> 26.675968 | M84: =MIN(I84,L84) -> 8.625 | N84: =MIN(B84,MAX(0,L84-M84)) -> 1 | O84: =MAX(0,L84-M84-B84) -> 17.050968 | P84: =MAX(0,I84-M84) -> 0 | Q84: =IF(M84>=I84*'Hoja 4 - Cálculo'!$B$16,"Satisfactorio","Falla") -> Satisfactorio | R84: =IF(AND(Q83="Falla",Q84="Satisfactorio"),1,0) -> 0 | S84: =IF(AND(Q84="Falla",Q83<>"Falla"),1,0) -> 0
A85: ="SRY-1-1" -> SRY-1-1 | B85: ='Curvas SRY'!$B$8 -> 1 | C85: ='Curvas SRY'!$E$8 -> 0.75 | D85: ='Curvas SRY'!$B$14 -> Uso variable | E85: =82 -> 82 | F85: ='Hoja 4 - Cálculo'!A106 -> 32051 | G85: ='Hoja 4 - Cálculo'!H106 -> 32.62725 | H85: =IF(D85="Uso único",'Hoja 4 - Cálculo'!I106,IF(D85="Uso múltiple",AVERAGE('Hoja 4 - Cálculo'!$I$25:$I$384)+AVERAGE('Hoja 4 - Cálculo'!$J$25:$J$384)+AVERAGE('Hoja 4 - Cálculo'!$K$25:$K$384),IF(D85="Uso prioritario",'Hoja 4 - Cálculo'!I106+'Hoja 4 - Cálculo'!K106,'Hoja 4 - Cálculo'!I106+'Hoja 4 - Cálculo'!J106+'Hoja 4 - Cálculo'!K106))) -> 11.5 | I85: =H85*C85 -> 8.625 | J85: =N84 -> 1 | K85: =MIN(J85+G85,(J85+G85)*'Hoja 4 - Cálculo'!$B$15) -> 0.672545 | L85: =MAX(0,J85+G85-K85) -> 32.954705 | M85: =MIN(I85,L85) -> 8.625 | N85: =MIN(B85,MAX(0,L85-M85)) -> 1 | O85: =MAX(0,L85-M85-B85) -> 23.329705 | P85: =MAX(0,I85-M85) -> 0 | Q85: =IF(M85>=I85*'Hoja 4 - Cálculo'!$B$16,"Satisfactorio","Falla") -> Satisfactorio | R85: =IF(AND(Q84="Falla",Q85="Satisfactorio"),1,0) -> 0 | S85: =IF(AND(Q85="Falla",Q84<>"Falla"),1,0) -> 0
A86: ="SRY-1-1" -> SRY-1-1 | B86: ='Curvas SRY'!$B$8 -> 1 | C86: ='Curvas SRY'!$E$8 -> 0.75 | D86: ='Curvas SRY'!$B$14 -> Uso variable | E86: =83 -> 83 | F86: ='Hoja 4 - Cálculo'!A107 -> 32082 | G86: ='Hoja 4 - Cálculo'!H107 -> 29.7585 | H86: =IF(D86="Uso único",'Hoja 4 - Cálculo'!I107,IF(D86="Uso múltiple",AVERAGE('Hoja 4 - Cálculo'!$I$25:$I$384)+AVERAGE('Hoja 4 - Cálculo'!$J$25:$J$384)+AVERAGE('Hoja 4 - Cálculo'!$K$25:$K$384),IF(D86="Uso prioritario",'Hoja 4 - Cálculo'!I107+'Hoja 4 - Cálculo'!K107,'Hoja 4 - Cálculo'!I107+'Hoja 4 - Cálculo'!J107+'Hoja 4 - Cálculo'!K107))) -> 11.5 | I86: =H86*C86 -> 8.625 | J86: =N85 -> 1 | K86: =MIN(J86+G86,(J86+G86)*'Hoja 4 - Cálculo'!$B$15) -> 0.61517 | L86: =MAX(0,J86+G86-K86) -> 30.14333 | M86: =MIN(I86,L86) -> 8.625 | N86: =MIN(B86,MAX(0,L86-M86)) -> 1 | O86: =MAX(0,L86-M86-B86) -> 20.51833 | P86: =MAX(0,I86-M86) -> 0 | Q86: =IF(M86>=I86*'Hoja 4 - Cálculo'!$B$16,"Satisfactorio","Falla") -> Satisfactorio | R86: =IF(AND(Q85="Falla",Q86="Satisfactorio"),1,0) -> 0 | S86: =IF(AND(Q86="Falla",Q85<>"Falla"),1,0) -> 0
A87: ="SRY-1-1" -> SRY-1-1 | B87: ='Curvas SRY'!$B$8 -> 1 | C87: ='Curvas SRY'!$E$8 -> 0.75 | D87: ='Curvas SRY'!$B$14 -> Uso variable | E87: =84 -> 84 | F87: ='Hoja 4 - Cálculo'!A108 -> 32112 | G87: ='Hoja 4 - Cálculo'!H108 -> 16.543125 | H87: =IF(D87="Uso único",'Hoja 4 - Cálculo'!I108,IF(D87="Uso múltiple",AVERAGE('Hoja 4 - Cálculo'!$I$25:$I$384)+AVERAGE('Hoja 4 - Cálculo'!$J$25:$J$384)+AVERAGE('Hoja 4 - Cálculo'!$K$25:$K$384),IF(D87="Uso prioritario",'Hoja 4 - Cálculo'!I108+'Hoja 4 - Cálculo'!K108,'Hoja 4 - Cálculo'!I108+'Hoja 4 - Cálculo'!J108+'Hoja 4 - Cálculo'!K108))) -> 16 | I87: =H87*C87 -> 12 | J87: =N86 -> 1 | K87: =MIN(J87+G87,(J87+G87)*'Hoja 4 - Cálculo'!$B$15) -> 0.3508625 | L87: =MAX(0,J87+G87-K87) -> 17.192262 | M87: =MIN(I87,L87) -> 12 | N87: =MIN(B87,MAX(0,L87-M87)) -> 1 | O87: =MAX(0,L87-M87-B87) -> 4.1922625 | P87: =MAX(0,I87-M87) -> 0 | Q87: =IF(M87>=I87*'Hoja 4 - Cálculo'!$B$16,"Satisfactorio","Falla") -> Satisfactorio | R87: =IF(AND(Q86="Falla",Q87="Satisfactorio"),1,0) -> 0 | S87: =IF(AND(Q87="Falla",Q86<>"Falla"),1,0) -> 0
A88: ="SRY-1-1" -> SRY-1-1 | B88: ='Curvas SRY'!$B$8 -> 1 | C88: ='Curvas SRY'!$E$8 -> 0.75 | D88: ='Curvas SRY'!$B$14 -> Uso variable | E88: =85 -> 85 | F88: ='Hoja 4 - Cálculo'!A109 -> 32143 | G88: ='Hoja 4 - Cálculo'!H109 -> 13.291875 | H88: =IF(D88="Uso único",'Hoja 4 - Cálculo'!I109,IF(D88="Uso múltiple",AVERAGE('Hoja 4 - Cálculo'!$I$25:$I$384)+AVERAGE('Hoja 4 - Cálculo'!$J$25:$J$384)+AVERAGE('Hoja 4 - Cálculo'!$K$25:$K$384),IF(D88="Uso prioritario",'Hoja 4 - Cálculo'!I109+'Hoja 4 - Cálculo'!K109,'Hoja 4 - Cálculo'!I109+'Hoja 4 - Cálculo'!J109+'Hoja 4 - Cálculo'!K109))) -> 16 | I88: =H88*C88 -> 12 | J88: =N87 -> 1 | K88: =MIN(J88+G88,(J88+G88)*'Hoja 4 - Cálculo'!$B$15) -> 0.2858375 | L88: =MAX(0,J88+G88-K88) -> 14.006037 | M88: =MIN(I88,L88) -> 12 | N88: =MIN(B88,MAX(0,L88-M88)) -> 1 | O88: =MAX(0,L88-M88-B88) -> 1.0060375 | P88: =MAX(0,I88-M88) -> 0 | Q88: =IF(M88>=I88*'Hoja 4 - Cálculo'!$B$16,"Satisfactorio","Falla") -> Satisfactorio | R88: =IF(AND(Q87="Falla",Q88="Satisfactorio"),1,0) -> 0 | S88: =IF(AND(Q88="Falla",Q87<>"Falla"),1,0) -> 0
A89: ="SRY-1-1" -> SRY-1-1 | B89: ='Curvas SRY'!$B$8 -> 1 | C89: ='Curvas SRY'!$E$8 -> 0.75 | D89: ='Curvas SRY'!$B$14 -> Uso variable | E89: =86 -> 86 | F89: ='Hoja 4 - Cálculo'!A110 -> 32174 | G89: ='Hoja 4 - Cálculo'!H110 -> 14.19075 | H89: =IF(D89="Uso único",'Hoja 4 - Cálculo'!I110,IF(D89="Uso múltiple",AVERAGE('Hoja 4 - Cálculo'!$I$25:$I$384)+AVERAGE('Hoja 4 - Cálculo'!$J$25:$J$384)+AVERAGE('Hoja 4 - Cálculo'!$K$25:$K$384),IF(D89="Uso prioritario",'Hoja 4 - Cálculo'!I110+'Hoja 4 - Cálculo'!K110,'Hoja 4 - Cálculo'!I110+'Hoja 4 - Cálculo'!J110+'Hoja 4 - Cálculo'!K110))) -> 16 | I89: =H89*C89 -> 12 | J89: =N88 -> 1 | K89: =MIN(J89+G89,(J89+G89)*'Hoja 4 - Cálculo'!$B$15) -> 0.303815 | L89: =MAX(0,J89+G89-K89) -> 14.886935 | M89: =MIN(I89,L89) -> 12 | N89: =MIN(B89,MAX(0,L89-M89)) -> 1 | O89: =MAX(0,L89-M89-B89) -> 1.886935 | P89: =MAX(0,I89-M89) -> 0 | Q89: =IF(M89>=I89*'Hoja 4 - Cálculo'!$B$16,"Satisfactorio","Falla") -> Satisfactorio | R89: =IF(AND(Q88="Falla",Q89="Satisfactorio"),1,0) -> 0 | S89: =IF(AND(Q89="Falla",Q88<>"Falla"),1,0) -> 0
A90: ="SRY-1-1" -> SRY-1-1 | B90: ='Curvas SRY'!$B$8 -> 1 | C90: ='Curvas SRY'!$E$8 -> 0.75 | D90: ='Curvas SRY'!$B$14 -> Uso variable | E90: =87 -> 87 | F90: ='Hoja 4 - Cálculo'!A111 -> 32203 | G90: ='Hoja 4 - Cálculo'!H111 -> 22.338 | H90: =IF(D90="Uso único",'Hoja 4 - Cálculo'!I111,IF(D90="Uso múltiple",AVERAGE('Hoja 4 - Cálculo'!$I$25:$I$384)+AVERAGE('Hoja 4 - Cálculo'!$J$25:$J$384)+AVERAGE('Hoja 4 - Cálculo'!$K$25:$K$384),IF(D90="Uso prioritario",'Hoja 4 - Cálculo'!I111+'Hoja 4 - Cálculo'!K111,'Hoja 4 - Cálculo'!I111+'Hoja 4 - Cálculo'!J111+'Hoja 4 - Cálculo'!K111))) -> 16 | I90: =H90*C90 -> 12 | J90: =N89 -> 1 | K90: =MIN(J90+G90,(J90+G90)*'Hoja 4 - Cálculo'!$B$15) -> 0.46676 | L90: =MAX(0,J90+G90-K90) -> 22.87124 | M90: =MIN(I90,L90) -> 12 | N90: =MIN(B90,MAX(0,L90-M90)) -> 1 | O90: =MAX(0,L90-M90-B90) -> 9.87124 | P90: =MAX(0,I90-M90) -> 0 | Q90: =IF(M90>=I90*'Hoja 4 - Cálculo'!$B$16,"Satisfactorio","Falla") -> Satisfactorio | R90: =IF(AND(Q89="Falla",Q90="Satisfactorio"),1,0) -> 0 | S90: =IF(AND(Q90="Falla",Q89<>"Falla"),1,0) -> 0
A91: ="SRY-1-1" -> SRY-1-1 | B91: ='Curvas SRY'!$B$8 -> 1 | C91: ='Curvas SRY'!$E$8 -> 0.75 | D91: ='Curvas SRY'!$B$14 -> Uso variable | E91: =88 -> 88 | F91: ='Hoja 4 - Cálculo'!A112 -> 32234 | G91: ='Hoja 4 - Cálculo'!H112 -> 29.64375 | H91: =IF(D91="Uso único",'Hoja 4 - Cálculo'!I112,IF(D91="Uso múltiple",AVERAGE('Hoja 4 - Cálculo'!$I$25:$I$384)+AVERAGE('Hoja 4 - Cálculo'!$J$25:$J$384)+AVERAGE('Hoja 4 - Cálculo'!$K$25:$K$384),IF(D91="Uso prioritario",'Hoja 4 - Cálculo'!I112+'Hoja 4 - Cálculo'!K112,'Hoja 4 - Cálculo'!I112+'Hoja 4 - Cálculo'!J112+'Hoja 4 - Cálculo'!K112))) -> 11.5 | I91: =H91*C91 -> 8.625 | J91: =N90 -> 1 | K91: =MIN(J91+G91,(J91+G91)*'Hoja 4 - Cálculo'!$B$15) -> 0.612875 | L91: =MAX(0,J91+G91-K91) -> 30.030875 | M91: =MIN(I91,L91) -> 8.625 | N91: =MIN(B91,MAX(0,L91-M91)) -> 1 | O91: =MAX(0,L91-M91-B91) -> 20.405875 | P91: =MAX(0,I91-M91) -> 0 | Q91: =IF(M91>=I91*'Hoja 4 - Cálculo'!$B$16,"Satisfactorio","Falla") -> Satisfactorio | R91: =IF(AND(Q90="Falla",Q91="Satisfactorio"),1,0) -> 0 | S91: =IF(AND(Q91="Falla",Q90<>"Falla"),1,0) -> 0
A92: ="SRY-1-1" -> SRY-1-1 | B92: ='Curvas SRY'!$B$8 -> 1 | C92: ='Curvas SRY'!$E$8 -> 0.75 | D92: ='Curvas SRY'!$B$14 -> Uso variable | E92: =89 -> 89 | F92: ='Hoja 4 - Cálculo'!A113 -> 32264 | G92: ='Hoja 4 - Cálculo'!H113 -> 28.0755 | H92: =IF(D92="Uso único",'Hoja 4 - Cálculo'!I113,IF(D92="Uso múltiple",AVERAGE('Hoja 4 - Cálculo'!$I$25:$I$384)+AVERAGE('Hoja 4 - Cálculo'!$J$25:$J$384)+AVERAGE('Hoja 4 - Cálculo'!$K$25:$K$384),IF(D92="Uso prioritario",'Hoja 4 - Cálculo'!I113+'Hoja 4 - Cálculo'!K113,'Hoja 4 - Cálculo'!I113+'Hoja 4 - Cálculo'!J113+'Hoja 4 - Cálculo'!K113))) -> 11.5 | I92: =H92*C92 -> 8.625 | J92: =N91 -> 1 | K92: =MIN(J92+G92,(J92+G92)*'Hoja 4 - Cálculo'!$B$15) -> 0.58151 | L92: =MAX(0,J92+G92-K92) -> 28.49399 | M92: =MIN(I92,L92) -> 8.625 | N92: =MIN(B92,MAX(0,L92-M92)) -> 1 | O92: =MAX(0,L92-M92-B92) -> 18.86899 | P92: =MAX(0,I92-M92) -> 0 | Q92: =IF(M92>=I92*'Hoja 4 - Cálculo'!$B$16,"Satisfactorio","Falla") -> Satisfactorio | R92: =IF(AND(Q91="Falla",Q92="Satisfactorio"),1,0) -> 0 | S92: =IF(AND(Q92="Falla",Q91<>"Falla"),1,0) -> 0
A93: ="SRY-1-1" -> SRY-1-1 | B93: ='Curvas SRY'!$B$8 -> 1 | C93: ='Curvas SRY'!$E$8 -> 0.75 | D93: ='Curvas SRY'!$B$14 -> Uso variable | E93: =90 -> 90 | F93: ='Hoja 4 - Cálculo'!A114 -> 32295 | G93: ='Hoja 4 - Cálculo'!H114 -> 16.48575 | H93: =IF(D93="Uso único",'Hoja 4 - Cálculo'!I114,IF(D93="Uso múltiple",AVERAGE('Hoja 4 - Cálculo'!$I$25:$I$384)+AVERAGE('Hoja 4 - Cálculo'!$J$25:$J$384)+AVERAGE('Hoja 4 - Cálculo'!$K$25:$K$384),IF(D93="Uso prioritario",'Hoja 4 - Cálculo'!I114+'Hoja 4 - Cálculo'!K114,'Hoja 4 - Cálculo'!I114+'Hoja 4 - Cálculo'!J114+'Hoja 4 - Cálculo'!K114))) -> 11.5 | I93: =H93*C93 -> 8.625 | J93: =N92 -> 1 | K93: =MIN(J93+G93,(J93+G93)*'Hoja 4 - Cálculo'!$B$15) -> 0.349715 | L93: =MAX(0,J93+G93-K93) -> 17.136035 | M93: =MIN(I93,L93) -> 8.625 | N93: =MIN(B93,MAX(0,L93-M93)) -> 1 | O93: =MAX(0,L93-M93-B93) -> 7.511035 | P93: =MAX(0,I93-M93) -> 0 | Q93: =IF(M93>=I93*'Hoja 4 - Cálculo'!$B$16,"Satisfactorio","Falla") -> Satisfactorio | R93: =IF(AND(Q92="Falla",Q93="Satisfactorio"),1,0) -> 0 | S93: =IF(AND(Q93="Falla",Q92<>"Falla"),1,0) -> 0
A94: ="SRY-1-1" -> SRY-1-1 | B94: ='Curvas SRY'!$B$8 -> 1 | C94: ='Curvas SRY'!$E$8 -> 0.75 | D94: ='Curvas SRY'!$B$14 -> Uso variable | E94: =91 -> 91 | F94: ='Hoja 4 - Cálculo'!A115 -> 32325 | G94: ='Hoja 4 - Cálculo'!H115 -> 13.827375 | H94: =IF(D94="Uso único",'Hoja 4 - Cálculo'!I115,IF(D94="Uso múltiple",AVERAGE('Hoja 4 - Cálculo'!$I$25:$I$384)+AVERAGE('Hoja 4 - Cálculo'!$J$25:$J$384)+AVERAGE('Hoja 4 - Cálculo'!$K$25:$K$384),IF(D94="Uso prioritario",'Hoja 4 - Cálculo'!I115+'Hoja 4 - Cálculo'!K115,'Hoja 4 - Cálculo'!I115+'Hoja 4 - Cálculo'!J115+'Hoja 4 - Cálculo'!K115))) -> 16 | I94: =H94*C94 -> 12 | J94: =N93 -> 1 | K94: =MIN(J94+G94,(J94+G94)*'Hoja 4 - Cálculo'!$B$15) -> 0.2965475 | L94: =MAX(0,J94+G94-K94) -> 14.530827 | M94: =MIN(I94,L94) -> 12 | N94: =MIN(B94,MAX(0,L94-M94)) -> 1 | O94: =MAX(0,L94-M94-B94) -> 1.5308275 | P94: =MAX(0,I94-M94) -> 0 | Q94: =IF(M94>=I94*'Hoja 4 - Cálculo'!$B$16,"Satisfactorio","Falla") -> Satisfactorio | R94: =IF(AND(Q93="Falla",Q94="Satisfactorio"),1,0) -> 0 | S94: =IF(AND(Q94="Falla",Q93<>"Falla"),1,0) -> 0
A95: ="SRY-1-1" -> SRY-1-1 | B95: ='Curvas SRY'!$B$8 -> 1 | C95: ='Curvas SRY'!$E$8 -> 0.75 | D95: ='Curvas SRY'!$B$14 -> Uso variable | E95: =92 -> 92 | F95: ='Hoja 4 - Cálculo'!A116 -> 32356 | G95: ='Hoja 4 - Cálculo'!H116 -> 14.783625 | H95: =IF(D95="Uso único",'Hoja 4 - Cálculo'!I116,IF(D95="Uso múltiple",AVERAGE('Hoja 4 - Cálculo'!$I$25:$I$384)+AVERAGE('Hoja 4 - Cálculo'!$J$25:$J$384)+AVERAGE('Hoja 4 - Cálculo'!$K$25:$K$384),IF(D95="Uso prioritario",'Hoja 4 - Cálculo'!I116+'Hoja 4 - Cálculo'!K116,'Hoja 4 - Cálculo'!I116+'Hoja 4 - Cálculo'!J116+'Hoja 4 - Cálculo'!K116))) -> 16 | I95: =H95*C95 -> 12 | J95: =N94 -> 1 | K95: =MIN(J95+G95,(J95+G95)*'Hoja 4 - Cálculo'!$B$15) -> 0.3156725 | L95: =MAX(0,J95+G95-K95) -> 15.467953 | M95: =MIN(I95,L95) -> 12 | N95: =MIN(B95,MAX(0,L95-M95)) -> 1 | O95: =MAX(0,L95-M95-B95) -> 2.4679525 | P95: =MAX(0,I95-M95) -> 0 | Q95: =IF(M95>=I95*'Hoja 4 - Cálculo'!$B$16,"Satisfactorio","Falla") -> Satisfactorio | R95: =IF(AND(Q94="Falla",Q95="Satisfactorio"),1,0) -> 0 | S95: =IF(AND(Q95="Falla",Q94<>"Falla"),1,0) -> 0
A96: ="SRY-1-1" -> SRY-1-1 | B96: ='Curvas SRY'!$B$8 -> 1 | C96: ='Curvas SRY'!$E$8 -> 0.75 | D96: ='Curvas SRY'!$B$14 -> Uso variable | E96: =93 -> 93 | F96: ='Hoja 4 - Cálculo'!A117 -> 32387 | G96: ='Hoja 4 - Cálculo'!H117 -> 23.3325 | H96: =IF(D96="Uso único",'Hoja 4 - Cálculo'!I117,IF(D96="Uso múltiple",AVERAGE('Hoja 4 - Cálculo'!$I$25:$I$384)+AVERAGE('Hoja 4 - Cálculo'!$J$25:$J$384)+AVERAGE('Hoja 4 - Cálculo'!$K$25:$K$384),IF(D96="Uso prioritario",'Hoja 4 - Cálculo'!I117+'Hoja 4 - Cálculo'!K117,'Hoja 4 - Cálculo'!I117+'Hoja 4 - Cálculo'!J117+'Hoja 4 - Cálculo'!K117))) -> 11.5 | I96: =H96*C96 -> 8.625 | J96: =N95 -> 1 | K96: =MIN(J96+G96,(J96+G96)*'Hoja 4 - Cálculo'!$B$15) -> 0.48665 | L96: =MAX(0,J96+G96-K96) -> 23.84585 | M96: =MIN(I96,L96) -> 8.625 | N96: =MIN(B96,MAX(0,L96-M96)) -> 1 | O96: =MAX(0,L96-M96-B96) -> 14.22085 | P96: =MAX(0,I96-M96) -> 0 | Q96: =IF(M96>=I96*'Hoja 4 - Cálculo'!$B$16,"Satisfactorio","Falla") -> Satisfactorio | R96: =IF(AND(Q95="Falla",Q96="Satisfactorio"),1,0) -> 0 | S96: =IF(AND(Q96="Falla",Q95<>"Falla"),1,0) -> 0
A97: ="SRY-1-1" -> SRY-1-1 | B97: ='Curvas SRY'!$B$8 -> 1 | C97: ='Curvas SRY'!$E$8 -> 0.75 | D97: ='Curvas SRY'!$B$14 -> Uso variable | E97: =94 -> 94 | F97: ='Hoja 4 - Cálculo'!A118 -> 32417 | G97: ='Hoja 4 - Cálculo'!H118 -> 32.01525 | H97: =IF(D97="Uso único",'Hoja 4 - Cálculo'!I118,IF(D97="Uso múltiple",AVERAGE('Hoja 4 - Cálculo'!$I$25:$I$384)+AVERAGE('Hoja 4 - Cálculo'!$J$25:$J$384)+AVERAGE('Hoja 4 - Cálculo'!$K$25:$K$384),IF(D97="Uso prioritario",'Hoja 4 - Cálculo'!I118+'Hoja 4 - Cálculo'!K118,'Hoja 4 - Cálculo'!I118+'Hoja 4 - Cálculo'!J118+'Hoja 4 - Cálculo'!K118))) -> 11.5 | I97: =H97*C97 -> 8.625 | J97: =N96 -> 1 | K97: =MIN(J97+G97,(J97+G97)*'Hoja 4 - Cálculo'!$B$15) -> 0.660305 | L97: =MAX(0,J97+G97-K97) -> 32.354945 | M97: =MIN(I97,L97) -> 8.625 | N97: =MIN(B97,MAX(0,L97-M97)) -> 1 | O97: =MAX(0,L97-M97-B97) -> 22.729945 | P97: =MAX(0,I97-M97) -> 0 | Q97: =IF(M97>=I97*'Hoja 4 - Cálculo'!$B$16,"Satisfactorio","Falla") -> Satisfactorio | R97: =IF(AND(Q96="Falla",Q97="Satisfactorio"),1,0) -> 0 | S97: =IF(AND(Q97="Falla",Q96<>"Falla"),1,0) -> 0
A98: ="SRY-1-1" -> SRY-1-1 | B98: ='Curvas SRY'!$B$8 -> 1 | C98: ='Curvas SRY'!$E$8 -> 0.75 | D98: ='Curvas SRY'!$B$14 -> Uso variable | E98: =95 -> 95 | F98: ='Hoja 4 - Cálculo'!A119 -> 32448 | G98: ='Hoja 4 - Cálculo'!H119 -> 25.876125 | H98: =IF(D98="Uso único",'Hoja 4 - Cálculo'!I119,IF(D98="Uso múltiple",AVERAGE('Hoja 4 - Cálculo'!$I$25:$I$384)+AVERAGE('Hoja 4 - Cálculo'!$J$25:$J$384)+AVERAGE('Hoja 4 - Cálculo'!$K$25:$K$384),IF(D98="Uso prioritario",'Hoja 4 - Cálculo'!I119+'Hoja 4 - Cálculo'!K119,'Hoja 4 - Cálculo'!I119+'Hoja 4 - Cálculo'!J119+'Hoja 4 - Cálculo'!K119))) -> 11.5 | I98: =H98*C98 -> 8.625 | J98: =N97 -> 1 | K98: =MIN(J98+G98,(J98+G98)*'Hoja 4 - Cálculo'!$B$15) -> 0.5375225 | L98: =MAX(0,J98+G98-K98) -> 26.338602 | M98: =MIN(I98,L98) -> 8.625 | N98: =MIN(B98,MAX(0,L98-M98)) -> 1 | O98: =MAX(0,L98-M98-B98) -> 16.713602 | P98: =MAX(0,I98-M98) -> 0 | Q98: =IF(M98>=I98*'Hoja 4 - Cálculo'!$B$16,"Satisfactorio","Falla") -> Satisfactorio | R98: =IF(AND(Q97="Falla",Q98="Satisfactorio"),1,0) -> 0 | S98: =IF(AND(Q98="Falla",Q97<>"Falla"),1,0) -> 0
A99: ="SRY-1-1" -> SRY-1-1 | B99: ='Curvas SRY'!$B$8 -> 1 | C99: ='Curvas SRY'!$E$8 -> 0.75 | D99: ='Curvas SRY'!$B$14 -> Uso variable | E99: =96 -> 96 | F99: ='Hoja 4 - Cálculo'!A120 -> 32478 | G99: ='Hoja 4 - Cálculo'!H120 -> 16.218 | H99: =IF(D99="Uso único",'Hoja 4 - Cálculo'!I120,IF(D99="Uso múltiple",AVERAGE('Hoja 4 - Cálculo'!$I$25:$I$384)+AVERAGE('Hoja 4 - Cálculo'!$J$25:$J$384)+AVERAGE('Hoja 4 - Cálculo'!$K$25:$K$384),IF(D99="Uso prioritario",'Hoja 4 - Cálculo'!I120+'Hoja 4 - Cálculo'!K120,'Hoja 4 - Cálculo'!I120+'Hoja 4 - Cálculo'!J120+'Hoja 4 - Cálculo'!K120))) -> 16 | I99: =H99*C99 -> 12 | J99: =N98 -> 1 | K99: =MIN(J99+G99,(J99+G99)*'Hoja 4 - Cálculo'!$B$15) -> 0.34436 | L99: =MAX(0,J99+G99-K99) -> 16.87364 | M99: =MIN(I99,L99) -> 12 | N99: =MIN(B99,MAX(0,L99-M99)) -> 1 | O99: =MAX(0,L99-M99-B99) -> 3.87364 | P99: =MAX(0,I99-M99) -> 0 | Q99: =IF(M99>=I99*'Hoja 4 - Cálculo'!$B$16,"Satisfactorio","Falla") -> Satisfactorio | R99: =IF(AND(Q98="Falla",Q99="Satisfactorio"),1,0) -> 0 | S99: =IF(AND(Q99="Falla",Q98<>"Falla"),1,0) -> 0
A100: ="SRY-1-1" -> SRY-1-1 | B100: ='Curvas SRY'!$B$8 -> 1 | C100: ='Curvas SRY'!$E$8 -> 0.75 | D100: ='Curvas SRY'!$B$14 -> Uso variable | E100: =97 -> 97 | F100: ='Hoja 4 - Cálculo'!A121 -> 32509 | G100: ='Hoja 4 - Cálculo'!H121 -> 11.761875 | H100: =IF(D100="Uso único",'Hoja 4 - Cálculo'!I121,IF(D100="Uso múltiple",AVERAGE('Hoja 4 - Cálculo'!$I$25:$I$384)+AVERAGE('Hoja 4 - Cálculo'!$J$25:$J$384)+AVERAGE('Hoja 4 - Cálculo'!$K$25:$K$384),IF(D100="Uso prioritario",'Hoja 4 - Cálculo'!I121+'Hoja 4 - Cálculo'!K121,'Hoja 4 - Cálculo'!I121+'Hoja 4 - Cálculo'!J121+'Hoja 4 - Cálculo'!K121))) -> 16 | I100: =H100*C100 -> 12 | J100: =N99 -> 1 | K100: =MIN(J100+G100,(J100+G100)*'Hoja 4 - Cálculo'!$B$15) -> 0.2552375 | L100: =MAX(0,J100+G100-K100) -> 12.506638 | M100: =MIN(I100,L100) -> 12 | N100: =MIN(B100,MAX(0,L100-M100)) -> 0.5066375 | O100: =MAX(0,L100-M100-B100) -> 0 | P100: =MAX(0,I100-M100) -> 0 | Q100: =IF(M100>=I100*'Hoja 4 - Cálculo'!$B$16,"Satisfactorio","Falla") -> Satisfactorio | R100: =IF(AND(Q99="Falla",Q100="Satisfactorio"),1,0) -> 0 | S100: =IF(AND(Q100="Falla",Q99<>"Falla"),1,0) -> 0
...
